Workbook

Sheet ENTRADA DATOS
A1: CONCURSO LORQUÍ
A2: INTRODUCIR PALOMO Y PUNTOS · FILAS 1 A 120
A3: Nº | B3: PALOMO | C3: PRUEBA 1 | D3: PRUEBA 2 | E3: PRUEBA 3 | F3: PRUEBA 4 | G3: PRUEBA 5 | H3: PRUEBA 6 | I3: TOTAL | J3: PLUMA | K3: PROPIETARIO
A4: 1 | I4: =IF(COUNTA(C4:H4)=0,"",SUM(C4:H4)) | L4: =IF(I4="","",I4*1000+(124-ROW()))
A5: 2 | I5: =IF(COUNTA(C5:H5)=0,"",SUM(C5:H5)) | L5: =IF(I5="","",I5*1000+(124-ROW()))
A6: 3 | I6: =IF(COUNTA(C6:H6)=0,"",SUM(C6:H6)) | L6: =IF(I6="","",I6*1000+(124-ROW()))
A7: 4 | I7: =IF(COUNTA(C7:H7)=0,"",SUM(C7:H7)) | L7: =IF(I7="","",I7*1000+(124-ROW()))
A8: 5 | I8: =IF(COUNTA(C8:H8)=0,"",SUM(C8:H8)) | L8: =IF(I8="","",I8*1000+(124-ROW()))
A9: 6 | I9: =IF(COUNTA(C9:H9)=0,"",SUM(C9:H9)) | L9: =IF(I9="","",I9*1000+(124-ROW()))
A10: 7 | I10: =IF(COUNTA(C10:H10)=0,"",SUM(C10:H10)) | L10: =IF(I10="","",I10*1000+(124-ROW()))
A11: 8 | I11: =IF(COUNTA(C11:H11)=0,"",SUM(C11:H11)) | L11: =IF(I11="","",I11*1000+(124-ROW()))
A12: 9 | I12: =IF(COUNTA(C12:H12)=0,"",SUM(C12:H12)) | L12: =IF(I12="","",I12*1000+(124-ROW()))
A13: 10 | I13: =IF(COUNTA(C13:H13)=0,"",SUM(C13:H13)) | L13: =IF(I13="","",I13*1000+(124-ROW()))
A14: 11 | I14: =IF(COUNTA(C14:H14)=0,"",SUM(C14:H14)) | L14: =IF(I14="","",I14*1000+(124-ROW()))
A15: 12 | I15: =IF(COUNTA(C15:H15)=0,"",SUM(C15:H15)) | L15: =IF(I15="","",I15*1000+(124-ROW()))
... A123: 120 | I123: =IF(COUNTA(C123:H123)=0,"",SUM(C123:H123)) | L123: =IF(I123="","",I123*1000+(124-ROW()))

Sheet CLASIFICACION
A1: CONCURSO LORQUÍ
A2: CLASIFICACIÓN AUTOMÁTICA · MAYOR TOTAL PRIMERO
A3: Nº | B3: PALOMO | C3: PRUEBA 1 | D3: PRUEBA 2 | E3: PRUEBA 3 | F3: PRUEBA 4 | G3: PRUEBA 5 | H3: PRUEBA 6 | I3: TOTAL | J3: PLUMA | K3: PROPIETARIO
A4: =IF(I4="","",1) | B4: =IFERROR(INDEX('ENTRADA DATOS'!$B$4:$B$123,MATCH(LARGE('ENTRADA DATOS'!$L$4:$L$123,1),'ENTRADA DATOS'!$L$4:$L$123,0)),"") | C4: =IFERROR(INDEX('ENTRADA DATOS'!$C$4:$C$123,MATCH(LARGE('ENTRADA DATOS'!$L$4:$L$123,1),'ENTRADA DATOS'!$L$4:$L$123,0)),"") | D4: =IFERROR(INDEX('ENTRADA DATOS'!$D$4:$D$123,MATCH(LARGE('ENTRADA DATOS'!$L$4:$L$123,1),'ENTRADA DATOS'!$L$4:$L$123,0)),"") | E4: =IFERROR(INDEX('ENTRADA DATOS'!$E$4:$E$123,MATCH(LARGE('ENTRADA DATOS'!$L$4:$L$123,1),'ENTRADA DATOS'!$L$4:$L$123,0)),"") | F4: =IFERROR(INDEX('ENTRADA DATOS'!$F$4:$F$123,MATCH(LARGE('ENTRADA DATOS'!$L$4:$L$123,1),'ENTRADA DATOS'!$L$4:$L$123,0)),"") | G4: =IFERROR(INDEX('ENTRADA DATOS'!$G$4:$G$123,MATCH(LARGE('ENTRADA DATOS'!$L$4:$L$123,1),'ENTRADA DATOS'!$L$4:$L$123,0)),"") | H4: =IFERROR(INDEX('ENTRADA DATOS'!$H$4:$H$123,MATCH(LARGE('ENTRADA DATOS'!$L$4:$L$123,1),'ENTRADA DATOS'!$L$4:$L$123,0)),"") | I4: =IFERROR(INDEX('ENTRADA DATOS'!$I$4:$I$123,MATCH(LARGE('ENTRADA DATOS'!$L$4:$L$123,1),'ENTRADA DATOS'!$L$4:$L$123,0)),"") | J4: =IFERROR(INDEX('ENTRADA DATOS'!$J$4:$J$123,MATCH(LARGE('ENTRADA DATOS'!$L$4:$L$123,1),'ENTRADA DATOS'!$L$4:$L$123,0)),"") | K4: =IFERROR(INDEX('ENTRADA DATOS'!$K$4:$K$123,MATCH(LARGE('ENTRADA DATOS'!$L$4:$L$123,1),'ENTRADA DATOS'!$L$4:$L$123,0)),"")
A5: =IF(I5="","",2) | B5: =IFERROR(INDEX('ENTRADA DATOS'!$B$4:$B$123,MATCH(LARGE('ENTRADA DATOS'!$L$4:$L$123,2),'ENTRADA DATOS'!$L$4:$L$123,0)),"") | C5: =IFERROR(INDEX('ENTRADA DATOS'!$C$4:$C$123,MATCH(LARGE('ENTRADA DATOS'!$L$4:$L$123,2),'ENTRADA DATOS'!$L$4:$L$123,0)),"") | D5: =IFERROR(INDEX('ENTRADA DATOS'!$D$4:$D$123,MATCH(LARGE('ENTRADA DATOS'!$L$4:$L$123,2),'ENTRADA DATOS'!$L$4:$L$123,0)),"") | E5: =IFERROR(INDEX('ENTRADA DATOS'!$E$4:$E$123,MATCH(LARGE('ENTRADA DATOS'!$L$4:$L$123,2),'ENTRADA DATOS'!$L$4:$L$123,0)),"") | F5: =IFERROR(INDEX('ENTRADA DATOS'!$F$4:$F$123,MATCH(LARGE('ENTRADA DATOS'!$L$4:$L$123,2),'ENTRADA DATOS'!$L$4:$L$123,0)),"") | G5: =IFERROR(INDEX('ENTRADA DATOS'!$G$4:$G$123,MATCH(LARGE('ENTRADA DATOS'!$L$4:$L$123,2),'ENTRADA DATOS'!$L$4:$L$123,0)),"") | H5: =IFERROR(INDEX('ENTRADA DATOS'!$H$4:$H$123,MATCH(LARGE('ENTRADA DATOS'!$L$4:$L$123,2),'ENTRADA DATOS'!$L$4:$L$123,0)),"") | I5: =IFERROR(INDEX('ENTRADA DATOS'!$I$4:$I$123,MATCH(LARGE('ENTRADA DATOS'!$L$4:$L$123,2),'ENTRADA DATOS'!$L$4:$L$123,0)),"") | J5: =IFERROR(INDEX('ENTRADA DATOS'!$J$4:$J$123,MATCH(LARGE('ENTRADA DATOS'!$L$4:$L$123,2),'ENTRADA DATOS'!$L$4:$L$123,0)),"") | K5: =IFERROR(INDEX('ENTRADA DATOS'!$K$4:$K$123,MATCH(LARGE('ENTRADA DATOS'!$L$4:$L$123,2),'ENTRADA DATOS'!$L$4:$L$123,0)),"")
A6: =IF(I6="","",3) | B6: =IFERROR(INDEX('ENTRADA DATOS'!$B$4:$B$123,MATCH(LARGE('ENTRADA DATOS'!$L$4:$L$123,3),'ENTRADA DATOS'!$L$4:$L$123,0)),"") | C6: =IFERROR(INDEX('ENTRADA DATOS'!$C$4:$C$123,MATCH(LARGE('ENTRADA DATOS'!$L$4:$L$123,3),'ENTRADA DATOS'!$L$4:$L$123,0)),"") | D6: =IFERROR(INDEX('ENTRADA DATOS'!$D$4:$D$123,MATCH(LARGE('ENTRADA DATOS'!$L$4:$L$123,3),'ENTRADA DATOS'!$L$4:$L$123,0)),"") | E6: =IFERROR(INDEX('ENTRADA DATOS'!$E$4:$E$123,MATCH(LARGE('ENTRADA DATOS'!$L$4:$L$123,3),'ENTRADA DATOS'!$L$4:$L$123,0)),"") | F6: =IFERROR(INDEX('ENTRADA DATOS'!$F$4:$F$123,MATCH(LARGE('ENTRADA DATOS'!$L$4:$L$123,3),'ENTRADA DATOS'!$L$4:$L$123,0)),"") | G6: =IFERROR(INDEX('ENTRADA DATOS'!$G$4:$G$123,MATCH(LARGE('ENTRADA DATOS'!$L$4:$L$123,3),'ENTRADA DATOS'!$L$4:$L$123,0)),"") | H6: =IFERROR(INDEX('ENTRADA DATOS'!$H$4:$H$123,MATCH(LARGE('ENTRADA DATOS'!$L$4:$L$123,3),'ENTRADA DATOS'!$L$4:$L$123,0)),"") | I6: =IFERROR(INDEX('ENTRADA DATOS'!$I$4:$I$123,MATCH(LARGE('ENTRADA DATOS'!$L$4:$L$123,3),'ENTRADA DATOS'!$L$4:$L$123,0)),"") | J6: =IFERROR(INDEX('ENTRADA DATOS'!$J$4:$J$123,MATCH(LARGE('ENTRADA DATOS'!$L$4:$L$123,3),'ENTRADA DATOS'!$L$4:$L$123,0)),"") | K6: =IFERROR(INDEX('ENTRADA DATOS'!$K$4:$K$123,MATCH(LARGE('ENTRADA DATOS'!$L$4:$L$123,3),'ENTRADA DATOS'!$L$4:$L$123,0)),"")
A7: =IF(I7="","",4) | B7: =IFERROR(INDEX('ENTRADA DATOS'!$B$4:$B$123,MATCH(LARGE('ENTRADA DATOS'!$L$4:$L$123,4),'ENTRADA DATOS'!$L$4:$L$123,0)),"") | C7: =IFERROR(INDEX('ENTRADA DATOS'!$C$4:$C$123,MATCH(LARGE('ENTRADA DATOS'!$L$4:$L$123,4),'ENTRADA DATOS'!$L$4:$L$123,0)),"") | D7: =IFERROR(INDEX('ENTRADA DATOS'!$D$4:$D$123,MATCH(LARGE('ENTRADA DATOS'!$L$4:$L$123,4),'ENTRADA DATOS'!$L$4:$L$123,0)),"") | E7: =IFERROR(INDEX('ENTRADA DATOS'!$E$4:$E$123,MATCH(LARGE('ENTRADA DATOS'!$L$4:$L$123,4),'ENTRADA DATOS'!$L$4:$L$123,0)),"") | F7: =IFERROR(INDEX('ENTRADA DATOS'!$F$4:$F$123,MATCH(LARGE('ENTRADA DATOS'!$L$4:$L$123,4),'ENTRADA DATOS'!$L$4:$L$123,0)),"") | G7: =IFERROR(INDEX('ENTRADA DATOS'!$G$4:$G$123,MATCH(LARGE('ENTRADA DATOS'!$L$4:$L$123,4),'ENTRADA DATOS'!$L$4:$L$123,0)),"") | H7: =IFERROR(INDEX('ENTRADA DATOS'!$H$4:$H$123,MATCH(LARGE('ENTRADA DATOS'!$L$4:$L$123,4),'ENTRADA DATOS'!$L$4:$L$123,0)),"") | I7: =IFERROR(INDEX('ENTRADA DATOS'!$I$4:$I$123,MATCH(LARGE('ENTRADA DATOS'!$L$4:$L$123,4),'ENTRADA DATOS'!$L$4:$L$123,0)),"") | J7: =IFERROR(INDEX('ENTRADA DATOS'!$J$4:$J$123,MATCH(LARGE('ENTRADA DATOS'!$L$4:$L$123,4),'ENTRADA DATOS'!$L$4:$L$123,0)),"") | K7: =IFERROR(INDEX('ENTRADA DATOS'!$K$4:$K$123,MATCH(LARGE('ENTRADA DATOS'!$L$4:$L$123,4),'ENTRADA DATOS'!$L$4:$L$123,0)),"")
A8: =IF(I8="","",5) | B8: =IFERROR(INDEX('ENTRADA DATOS'!$B$4:$B$123,MATCH(LARGE('ENTRADA DATOS'!$L$4:$L$123,5),'ENTRADA DATOS'!$L$4:$L$123,0)),"") | C8: =IFERROR(INDEX('ENTRADA DATOS'!$C$4:$C$123,MATCH(LARGE('ENTRADA DATOS'!$L$4:$L$123,5),'ENTRADA DATOS'!$L$4:$L$123,0)),"") | D8: =IFERROR(INDEX('ENTRADA DATOS'!$D$4:$D$123,MATCH(LARGE('ENTRADA DATOS'!$L$4:$L$123,5),'ENTRADA DATOS'!$L$4:$L$123,0)),"") | E8: =IFERROR(INDEX('ENTRADA DATOS'!$E$4:$E$123,MATCH(LARGE('ENTRADA DATOS'!$L$4:$L$123,5),'ENTRADA DATOS'!$L$4:$L$123,0)),"") | F8: =IFERROR(INDEX('ENTRADA DATOS'!$F$4:$F$123,MATCH(LARGE('ENTRADA DATOS'!$L$4:$L$123,5),'ENTRADA DATOS'!$L$4:$L$123,0)),"") | G8: =IFERROR(INDEX('ENTRADA DATOS'!$G$4:$G$123,MATCH(LARGE('ENTRADA DATOS'!$L$4:$L$123,5),'ENTRADA DATOS'!$L$4:$L$123,0)),"") | H8: =IFERROR(INDEX('ENTRADA DATOS'!$H$4:$H$123,MATCH(LARGE('ENTRADA DATOS'!$L$4:$L$123,5),'ENTRADA DATOS'!$L$4:$L$123,0)),"") | I8: =IFERROR(INDEX('ENTRADA DATOS'!$I$4:$I$123,MATCH(LARGE('ENTRADA DATOS'!$L$4:$L$123,5),'ENTRADA DATOS'!$L$4:$L$123,0)),"") | J8: =IFERROR(INDEX('ENTRADA DATOS'!$J$4:$J$123,MATCH(LARGE('ENTRADA DATOS'!$L$4:$L$123,5),'ENTRADA DATOS'!$L$4:$L$123,0)),"") | K8: =IFERROR(INDEX('ENTRADA DATOS'!$K$4:$K$123,MATCH(LARGE('ENTRADA DATOS'!$L$4:$L$123,5),'ENTRADA DATOS'!$L$4:$L$123,0)),"")
A9: =IF(I9="","",6) | B9: =IFERROR(INDEX('ENTRADA DATOS'!$B$4:$B$123,MATCH(LARGE('ENTRADA DATOS'!$L$4:$L$123,6),'ENTRADA DATOS'!$L$4:$L$123,0)),"") | C9: =IFERROR(INDEX('ENTRADA DATOS'!$C$4:$C$123,MATCH(LARGE('ENTRADA DATOS'!$L$4:$L$123,6),'ENTRADA DATOS'!$L$4:$L$123,0)),"") | D9: =IFERROR(INDEX('ENTRADA DATOS'!$D$4:$D$123,MATCH(LARGE('ENTRADA DATOS'!$L$4:$L$123,6),'ENTRADA DATOS'!$L$4:$L$123,0)),"") | E9: =IFERROR(INDEX('ENTRADA DATOS'!$E$4:$E$123,MATCH(LARGE('ENTRADA DATOS'!$L$4:$L$123,6),'ENTRADA DATOS'!$L$4:$L$123,0)),"") | F9: =IFERROR(INDEX('ENTRADA DATOS'!$F$4:$F$123,MATCH(LARGE('ENTRADA DATOS'!$L$4:$L$123,6),'ENTRADA DATOS'!$L$4:$L$123,0)),"") | G9: =IFERROR(INDEX('ENTRADA DATOS'!$G$4:$G$123,MATCH(LARGE('ENTRADA DATOS'!$L$4:$L$123,6),'ENTRADA DATOS'!$L$4:$L$123,0)),"") | H9: =IFERROR(INDEX('ENTRADA DATOS'!$H$4:$H$123,MATCH(LARGE('ENTRADA DATOS'!$L$4:$L$123,6),'ENTRADA DATOS'!$L$4:$L$123,0)),"") | I9: =IFERROR(INDEX('ENTRADA DATOS'!$I$4:$I$123,MATCH(LARGE('ENTRADA DATOS'!$L$4:$L$123,6),'ENTRADA DATOS'!$L$4:$L$123,0)),"") | J9: =IFERROR(INDEX('ENTRADA DATOS'!$J$4:$J$123,MATCH(LARGE('ENTRADA DATOS'!$L$4:$L$123,6),'ENTRADA DATOS'!$L$4:$L$123,0)),"") | K9: =IFERROR(INDEX('ENTRADA DATOS'!$K$4:$K$123,MATCH(LARGE('ENTRADA DATOS'!$L$4:$L$123,6),'ENTRADA DATOS'!$L$4:$L$123,0)),"")
A10: =IF(I10="","",7) | B10: =IFERROR(INDEX('ENTRADA DATOS'!$B$4:$B$123,MATCH(LARGE('ENTRADA DATOS'!$L$4:$L$123,7),'ENTRADA DATOS'!$L$4:$L$123,0)),"") | C10: =IFERROR(INDEX('ENTRADA DATOS'!$C$4:$C$123,MATCH(LARGE('ENTRADA DATOS'!$L$4:$L$123,7),'ENTRADA DATOS'!$L$4:$L$123,0)),"") | D10: =IFERROR(INDEX('ENTRADA DATOS'!$D$4:$D$123,MATCH(LARGE('ENTRADA DATOS'!$L$4:$L$123,7),'ENTRADA DATOS'!$L$4:$L$123,0)),"") | E10: =IFERROR(INDEX('ENTRADA DATOS'!$E$4:$E$123,MATCH(LARGE('ENTRADA DATOS'!$L$4:$L$123,7),'ENTRADA DATOS'!$L$4:$L$123,0)),"") | F10: =IFERROR(INDEX('ENTRADA DATOS'!$F$4:$F$123,MATCH(LARGE('ENTRADA DATOS'!$L$4:$L$123,7),'ENTRADA DATOS'!$L$4:$L$123,0)),"") | G10: =IFERROR(INDEX('ENTRADA DATOS'!$G$4:$G$123,MATCH(LARGE('ENTRADA DATOS'!$L$4:$L$123,7),'ENTRADA DATOS'!$L$4:$L$123,0)),"") | H10: =IFERROR(INDEX('ENTRADA DATOS'!$H$4:$H$123,MATCH(LARGE('ENTRADA DATOS'!$L$4:$L$123,7),'ENTRADA DATOS'!$L$4:$L$123,0)),"") | I10: =IFERROR(INDEX('ENTRADA DATOS'!$I$4:$I$123,MATCH(LARGE('ENTRADA DATOS'!$L$4:$L$123,7),'ENTRADA DATOS'!$L$4:$L$123,0)),"") | J10: =IFERROR(INDEX('ENTRADA DATOS'!$J$4:$J$123,MATCH(LARGE('ENTRADA DATOS'!$L$4:$L$123,7),'ENTRADA DATOS'!$L$4:$L$123,0)),"") | K10: =IFERROR(INDEX('ENTRADA DATOS'!$K$4:$K$123,MATCH(LARGE('ENTRADA DATOS'!$L$4:$L$123,7),'ENTRADA DATOS'!$L$4:$L$123,0)),"")
A11: =IF(I11="","",8) | B11: =IFERROR(INDEX('ENTRADA DATOS'!$B$4:$B$123,MATCH(LARGE('ENTRADA DATOS'!$L$4:$L$123,8),'ENTRADA DATOS'!$L$4:$L$123,0)),"") | C11: =IFERROR(INDEX('ENTRADA DATOS'!$C$4:$C$123,MATCH(LARGE('ENTRADA DATOS'!$L$4:$L$123,8),'ENTRADA DATOS'!$L$4:$L$123,0)),"") | D11: =IFERROR(INDEX('ENTRADA DATOS'!$D$4:$D$123,MATCH(LARGE('ENTRADA DATOS'!$L$4:$L$123,8),'ENTRADA DATOS'!$L$4:$L$123,0)),"") | E11: =IFERROR(INDEX('ENTRADA DATOS'!$E$4:$E$123,MATCH(LARGE('ENTRADA DATOS'!$L$4:$L$123,8),'ENTRADA DATOS'!$L$4:$L$123,0)),"") | F11: =IFERROR(INDEX('ENTRADA DATOS'!$F$4:$F$123,MATCH(LARGE('ENTRADA DATOS'!$L$4:$L$123,8),'ENTRADA DATOS'!$L$4:$L$123,0)),"") | G11: =IFERROR(INDEX('ENTRADA DATOS'!$G$4:$G$123,MATCH(LARGE('ENTRADA DATOS'!$L$4:$L$123,8),'ENTRADA DATOS'!$L$4:$L$123,0)),"") | H11: =IFERROR(INDEX('ENTRADA DATOS'!$H$4:$H$123,MATCH(LARGE('ENTRADA DATOS'!$L$4:$L$123,8),'ENTRADA DATOS'!$L$4:$L$123,0)),"") | I11: =IFERROR(INDEX('ENTRADA DATOS'!$I$4:$I$123,MATCH(LARGE('ENTRADA DATOS'!$L$4:$L$123,8),'ENTRADA DATOS'!$L$4:$L$123,0)),"") | J11: =IFERROR(INDEX('ENTRADA DATOS'!$J$4:$J$123,MATCH(LARGE('ENTRADA DATOS'!$L$4:$L$123,8),'ENTRADA DATOS'!$L$4:$L$123,0)),"") | K11: =IFERROR(INDEX('ENTRADA DATOS'!$K$4:$K$123,MATCH(LARGE('ENTRADA DATOS'!$L$4:$L$123,8),'ENTRADA DATOS'!$L$4:$L$123,0)),"")
A12: =IF(I12="","",9) | B12: =IFERROR(INDEX('ENTRADA DATOS'!$B$4:$B$123,MATCH(LARGE('ENTRADA DATOS'!$L$4:$L$123,9),'ENTRADA DATOS'!$L$4:$L$123,0)),"") | C12: =IFERROR(INDEX('ENTRADA DATOS'!$C$4:$C$123,MATCH(LARGE('ENTRADA DATOS'!$L$4:$L$123,9),'ENTRADA DATOS'!$L$4:$L$123,0)),"") | D12: =IFERROR(INDEX('ENTRADA DATOS'!$D$4:$D$123,MATCH(LARGE('ENTRADA DATOS'!$L$4:$L$123,9),'ENTRADA DATOS'!$L$4:$L$123,0)),"") | E12: =IFERROR(INDEX('ENTRADA DATOS'!$E$4:$E$123,MATCH(LARGE('ENTRADA DATOS'!$L$4:$L$123,9),'ENTRADA DATOS'!$L$4:$L$123,0)),"") | F12: =IFERROR(INDEX('ENTRADA DATOS'!$F$4:$F$123,MATCH(LARGE('ENTRADA DATOS'!$L$4:$L$123,9),'ENTRADA DATOS'!$L$4:$L$123,0)),"") | G12: =IFERROR(INDEX('ENTRADA DATOS'!$G$4:$G$123,MATCH(LARGE('ENTRADA DATOS'!$L$4:$L$123,9),'ENTRADA DATOS'!$L$4:$L$123,0)),"") | H12: =IFERROR(INDEX('ENTRADA DATOS'!$H$4:$H$123,MATCH(LARGE('ENTRADA DATOS'!$L$4:$L$123,9),'ENTRADA DATOS'!$L$4:$L$123,0)),"") | I12: =IFERROR(INDEX('ENTRADA DATOS'!$I$4:$I$123,MATCH(LARGE('ENTRADA DATOS'!$L$4:$L$123,9),'ENTRADA DATOS'!$L$4:$L$123,0)),"") | J12: =IFERROR(INDEX('ENTRADA DATOS'!$J$4:$J$123,MATCH(LARGE('ENTRADA DATOS'!$L$4:$L$123,9),'ENTRADA DATOS'!$L$4:$L$123,0)),"") | K12: =IFERROR(INDEX('ENTRADA DATOS'!$K$4:$K$123,MATCH(LARGE('ENTRADA DATOS'!$L$4:$L$123,9),'ENTRADA DATOS'!$L$4:$L$123,0)),"")
A13: =IF(I13="","",10) | B13: =IFERROR(INDEX('ENTRADA DATOS'!$B$4:$B$123,MATCH(LARGE('ENTRADA DATOS'!$L$4:$L$123,10),'ENTRADA DATOS'!$L$4:$L$123,0)),"") | C13: =IFERROR(INDEX('ENTRADA DATOS'!$C$4:$C$123,MATCH(LARGE('ENTRADA DATOS'!$L$4:$L$123,10),'ENTRADA DATOS'!$L$4:$L$123,0)),"") | D13: =IFERROR(INDEX('ENTRADA DATOS'!$D$4:$D$123,MATCH(LARGE('ENTRADA DATOS'!$L$4:$L$123,10),'ENTRADA DATOS'!$L$4:$L$123,0)),"") | E13: =IFERROR(INDEX('ENTRADA DATOS'!$E$4:$E$123,MATCH(LARGE('ENTRADA DATOS'!$L$4:$L$123,10),'ENTRADA DATOS'!$L$4:$L$123,0)),"") | F13: =IFERROR(INDEX('ENTRADA DATOS'!$F$4:$F$123,MATCH(LARGE('ENTRADA DATOS'!$L$4:$L$123,10),'ENTRADA DATOS'!$L$4:$L$123,0)),"") | G13: =IFERROR(INDEX('ENTRADA DATOS'!$G$4:$G$123,MATCH(LARGE('ENTRADA DATOS'!$L$4:$L$123,10),'ENTRADA DATOS'!$L$4:$L$123,0)),"") | H13: =IFERROR(INDEX('ENTRADA DATOS'!$H$4:$H$123,MATCH(LARGE('ENTRADA DATOS'!$L$4:$L$123,10),'ENTRADA DATOS'!$L$4:$L$123,0)),"") | I13: =IFERROR(INDEX('ENTRADA DATOS'!$I$4:$I$123,MATCH(LARGE('ENTRADA DATOS'!$L$4:$L$123,10),'ENTRADA DATOS'!$L$4:$L$123,0)),"") | J13: =IFERROR(INDEX('ENTRADA DATOS'!$J$4:$J$123,MATCH(LARGE('ENTRADA DATOS'!$L$4:$L$123,10),'ENTRADA DATOS'!$L$4:$L$123,0)),"") | K13: =IFERROR(INDEX('ENTRADA DATOS'!$K$4:$K$123,MATCH(LARGE('ENTRADA DATOS'!$L$4:$L$123,10),'ENTRADA DATOS'!$L$4:$L$123,0)),"")
A14: =IF(I14="","",11) | B14: =IFERROR(INDEX('ENTRADA DATOS'!$B$4:$B$123,MATCH(LARGE('ENTRADA DATOS'!$L$4:$L$123,11),'ENTRADA DATOS'!$L$4:$L$123,0)),"") | C14: =IFERROR(INDEX('ENTRADA DATOS'!$C$4:$C$123,MATCH(LARGE('ENTRADA DATOS'!$L$4:$L$123,11),'ENTRADA DATOS'!$L$4:$L$123,0)),"") | D14: =IFERROR(INDEX('ENTRADA DATOS'!$D$4:$D$123,MATCH(LARGE('ENTRADA DATOS'!$L$4:$L$123,11),'ENTRADA DATOS'!$L$4:$L$123,0)),"") | E14: =IFERROR(INDEX('ENTRADA DATOS'!$E$4:$E$123,MATCH(LARGE('ENTRADA DATOS'!$L$4:$L$123,11),'ENTRADA DATOS'!$L$4:$L$123,0)),"") | F14: =IFERROR(INDEX('ENTRADA DATOS'!$F$4:$F$123,MATCH(LARGE('ENTRADA DATOS'!$L$4:$L$123,11),'ENTRADA DATOS'!$L$4:$L$123,0)),"") | G14: =IFERROR(INDEX('ENTRADA DATOS'!$G$4:$G$123,MATCH(LARGE('ENTRADA DATOS'!$L$4:$L$123,11),'ENTRADA DATOS'!$L$4:$L$123,0)),"") | H14: =IFERROR(INDEX('ENTRADA DATOS'!$H$4:$H$123,MATCH(LARGE('ENTRADA DATOS'!$L$4:$L$123,11),'ENTRADA DATOS'!$L$4:$L$123,0)),"") | I14: =IFERROR(INDEX('ENTRADA DATOS'!$I$4:$I$123,MATCH(LARGE('ENTRADA DATOS'!$L$4:$L$123,11),'ENTRADA DATOS'!$L$4:$L$123,0)),"") | J14: =IFERROR(INDEX('ENTRADA DATOS'!$J$4:$J$123,MATCH(LARGE('ENTRADA DATOS'!$L$4:$L$123,11),'ENTRADA DATOS'!$L$4:$L$123,0)),"") | K14: =IFERROR(INDEX('ENTRADA DATOS'!$K$4:$K$123,MATCH(LARGE('ENTRADA DATOS'!$L$4:$L$123,11),'ENTRADA DATOS'!$L$4:$L$123,0)),"")
A15: =IF(I15="","",12) | B15: =IFERROR(INDEX('ENTRADA DATOS'!$B$4:$B$123,MATCH(LARGE('ENTRADA DATOS'!$L$4:$L$123,12),'ENTRADA DATOS'!$L$4:$L$123,0)),"") | C15: =IFERROR(INDEX('ENTRADA DATOS'!$C$4:$C$123,MATCH(LARGE('ENTRADA DATOS'!$L$4:$L$123,12),'ENTRADA DATOS'!$L$4:$L$123,0)),"") | D15: =IFERROR(INDEX('ENTRADA DATOS'!$D$4:$D$123,MATCH(LARGE('ENTRADA DATOS'!$L$4:$L$123,12),'ENTRADA DATOS'!$L$4:$L$123,0)),"") | E15: =IFERROR(INDEX('ENTRADA DATOS'!$E$4:$E$123,MATCH(LARGE('ENTRADA DATOS'!$L$4:$L$123,12),'ENTRADA DATOS'!$L$4:$L$123,0)),"") | F15: =IFERROR(INDEX('ENTRADA DATOS'!$F$4:$F$123,MATCH(LARGE('ENTRADA DATOS'!$L$4:$L$123,12),'ENTRADA DATOS'!$L$4:$L$123,0)),"") | G15: =IFERROR(INDEX('ENTRADA DATOS'!$G$4:$G$123,MATCH(LARGE('ENTRADA DATOS'!$L$4:$L$123,12),'ENTRADA DATOS'!$L$4:$L$123,0)),"") | H15: =IFERROR(INDEX('ENTRADA DATOS'!$H$4:$H$123,MATCH(LARGE('ENTRADA DATOS'!$L$4:$L$123,12),'ENTRADA DATOS'!$L$4:$L$123,0)),"") | I15: =IFERROR(INDEX('ENTRADA DATOS'!$I$4:$I$123,MATCH(LARGE('ENTRADA DATOS'!$L$4:$L$123,12),'ENTRADA DATOS'!$L$4:$L$123,0)),"") | J15: =IFERROR(INDEX('ENTRADA DATOS'!$J$4:$J$123,MATCH(LARGE('ENTRADA DATOS'!$L$4:$L$123,12),'ENTRADA DATOS'!$L$4:$L$123,0)),"") | K15: =IFERROR(INDEX('ENTRADA DATOS'!$K$4:$K$123,MATCH(LARGE('ENTRADA DATOS'!$L$4:$L$123,12),'ENTRADA DATOS'!$L$4:$L$123,0)),"")
A16: =IF(I16="","",13) | B16: =IFERROR(INDEX('ENTRADA DATOS'!$B$4:$B$123,MATCH(LARGE('ENTRADA DATOS'!$L$4:$L$123,13),'ENTRADA DATOS'!$L$4:$L$123,0)),"") | C16: =IFERROR(INDEX('ENTRADA DATOS'!$C$4:$C$123,MATCH(LARGE('ENTRADA DATOS'!$L$4:$L$123,13),'ENTRADA DATOS'!$L$4:$L$123,0)),"") | D16: =IFERROR(INDEX('ENTRADA DATOS'!$D$4:$D$123,MATCH(LARGE('ENTRADA DATOS'!$L$4:$L$123,13),'ENTRADA DATOS'!$L$4:$L$123,0)),"") | E16: =IFERROR(INDEX('ENTRADA DATOS'!$E$4:$E$123,MATCH(LARGE('ENTRADA DATOS'!$L$4:$L$123,13),'ENTRADA DATOS'!$L$4:$L$123,0)),"") | F16: =IFERROR(INDEX('ENTRADA DATOS'!$F$4:$F$123,MATCH(LARGE('ENTRADA DATOS'!$L$4:$L$123,13),'ENTRADA DATOS'!$L$4:$L$123,0)),"") | G16: =IFERROR(INDEX('ENTRADA DATOS'!$G$4:$G$123,MATCH(LARGE('ENTRADA DATOS'!$L$4:$L$123,13),'ENTRADA DATOS'!$L$4:$L$123,0)),"") | H16: =IFERROR(INDEX('ENTRADA DATOS'!$H$4:$H$123,MATCH(LARGE('ENTRADA DATOS'!$L$4:$L$123,13),'ENTRADA DATOS'!$L$4:$L$123,0)),"") | I16: =IFERROR(INDEX('ENTRADA DATOS'!$I$4:$I$123,MATCH(LARGE('ENTRADA DATOS'!$L$4:$L$123,13),'ENTRADA DATOS'!$L$4:$L$123,0)),"") | J16: =IFERROR(INDEX('ENTRADA DATOS'!$J$4:$J$123,MATCH(LARGE('ENTRADA DATOS'!$L$4:$L$123,13),'ENTRADA DATOS'!$L$4:$L$123,0)),"") | K16: =IFERROR(INDEX('ENTRADA DATOS'!$K$4:$K$123,MATCH(LARGE('ENTRADA DATOS'!$L$4:$L$123,13),'ENTRADA DATOS'!$L$4:$L$123,0)),"")
A17: =IF(I17="","",14) | B17: =IFERROR(INDEX('ENTRADA DATOS'!$B$4:$B$123,MATCH(LARGE('ENTRADA DATOS'!$L$4:$L$123,14),'ENTRADA DATOS'!$L$4:$L$123,0)),"") | C17: =IFERROR(INDEX('ENTRADA DATOS'!$C$4:$C$123,MATCH(LARGE('ENTRADA DATOS'!$L$4:$L$123,14),'ENTRADA DATOS'!$L$4:$L$123,0)),"") | D17: =IFERROR(INDEX('ENTRADA DATOS'!$D$4:$D$123,MATCH(LARGE('ENTRADA DATOS'!$L$4:$L$123,14),'ENTRADA DATOS'!$L$4:$L$123,0)),"") | E17: =IFERROR(INDEX('ENTRADA DATOS'!$E$4:$E$123,MATCH(LARGE('ENTRADA DATOS'!$L$4:$L$123,14),'ENTRADA DATOS'!$L$4:$L$123,0)),"") | F17: =IFERROR(INDEX('ENTRADA DATOS'!$F$4:$F$123,MATCH(LARGE('ENTRADA DATOS'!$L$4:$L$123,14),'ENTRADA DATOS'!$L$4:$L$123,0)),"") | G17: =IFERROR(INDEX('ENTRADA DATOS'!$G$4:$G$123,MATCH(LARGE('ENTRADA DATOS'!$L$4:$L$123,14),'ENTRADA DATOS'!$L$4:$L$123,0)),"") | H17: =IFERROR(INDEX('ENTRADA DATOS'!$H$4:$H$123,MATCH(LARGE('ENTRADA DATOS'!$L$4:$L$123,14),'ENTRADA DATOS'!$L$4:$L$123,0)),"") | I17: =IFERROR(INDEX('ENTRADA DATOS'!$I$4:$I$123,MATCH(LARGE('ENTRADA DATOS'!$L$4:$L$123,14),'ENTRADA DATOS'!$L$4:$L$123,0)),"") | J17: =IFERROR(INDEX('ENTRADA DATOS'!$J$4:$J$123,MATCH(LARGE('ENTRADA DATOS'!$L$4:$L$123,14),'ENTRADA DATOS'!$L$4:$L$123,0)),"") | K17: =IFERROR(INDEX('ENTRADA DATOS'!$K$4:$K$123,MATCH(LARGE('ENTRADA DATOS'!$L$4:$L$123,14),'ENTRADA DATOS'!$L$4:$L$123,0)),"")
A18: =IF(I18="","",15) | B18: =IFERROR(INDEX('ENTRADA DATOS'!$B$4:$B$123,MATCH(LARGE('ENTRADA DATOS'!$L$4:$L$123,15),'ENTRADA DATOS'!$L$4:$L$123,0)),"") | C18: =IFERROR(INDEX('ENTRADA DATOS'!$C$4:$C$123,MATCH(LARGE('ENTRADA DATOS'!$L$4:$L$123,15),'ENTRADA DATOS'!$L$4:$L$123,0)),"") | D18: =IFERROR(INDEX('ENTRADA DATOS'!$D$4:$D$123,MATCH(LARGE('ENTRADA DATOS'!$L$4:$L$123,15),'ENTRADA DATOS'!$L$4:$L$123,0)),"") | E18: =IFERROR(INDEX('ENTRADA DATOS'!$E$4:$E$123,MATCH(LARGE('ENTRADA DATOS'!$L$4:$L$123,15),'ENTRADA DATOS'!$L$4:$L$123,0)),"") | F18: =IFERROR(INDEX('ENTRADA DATOS'!$F$4:$F$123,MATCH(LARGE('ENTRADA DATOS'!$L$4:$L$123,15),'ENTRADA DATOS'!$L$4:$L$123,0)),"") | G18: =IFERROR(INDEX('ENTRADA DATOS'!$G$4:$G$123,MATCH(LARGE('ENTRADA DATOS'!$L$4:$L$123,15),'ENTRADA DATOS'!$L$4:$L$123,0)),"") | H18: =IFERROR(INDEX('ENTRADA DATOS'!$H$4:$H$123,MATCH(LARGE('ENTRADA DATOS'!$L$4:$L$123,15),'ENTRADA DATOS'!$L$4:$L$123,0)),"") | I18: =IFERROR(INDEX('ENTRADA DATOS'!$I$4:$I$123,MATCH(LARGE('ENTRADA DATOS'!$L$4:$L$123,15),'ENTRADA DATOS'!$L$4:$L$123,0)),"") | J18: =IFERROR(INDEX('ENTRADA DATOS'!$J$4:$J$123,MATCH(LARGE('ENTRADA DATOS'!$L$4:$L$123,15),'ENTRADA DATOS'!$L$4:$L$123,0)),"") | K18: =IFERROR(INDEX('ENTRADA DATOS'!$K$4:$K$123,MATCH(LARGE('ENTRADA DATOS'!$L$4:$L$123,15),'ENTRADA DATOS'!$L$4:$L$123,0)),"")
A19: =IF(I19="","",16) | B19: =IFERROR(INDEX('ENTRADA DATOS'!$B$4:$B$123,MATCH(LARGE('ENTRADA DATOS'!$L$4:$L$123,16),'ENTRADA DATOS'!$L$4:$L$123,0)),"") | C19: =IFERROR(INDEX('ENTRADA DATOS'!$C$4:$C$123,MATCH(LARGE('ENTRADA DATOS'!$L$4:$L$123,16),'ENTRADA DATOS'!$L$4:$L$123,0)),"") | D19: =IFERROR(INDEX('ENTRADA DATOS'!$D$4:$D$123,MATCH(LARGE('ENTRADA DATOS'!$L$4:$L$123,16),'ENTRADA DATOS'!$L$4:$L$123,0)),"") | E19: =IFERROR(INDEX('ENTRADA DATOS'!$E$4:$E$123,MATCH(LARGE('ENTRADA DATOS'!$L$4:$L$123,16),'ENTRADA DATOS'!$L$4:$L$123,0)),"") | F19: =IFERROR(INDEX('ENTRADA DATOS'!$F$4:$F$123,MATCH(LARGE('ENTRADA DATOS'!$L$4:$L$123,16),'ENTRADA DATOS'!$L$4:$L$123,0)),"") | G19: =IFERROR(INDEX('ENTRADA DATOS'!$G$4:$G$123,MATCH(LARGE('ENTRADA DATOS'!$L$4:$L$123,16),'ENTRADA DATOS'!$L$4:$L$123,0)),"") | H19: =IFERROR(INDEX('ENTRADA DATOS'!$H$4:$H$123,MATCH(LARGE('ENTRADA DATOS'!$L$4:$L$123,16),'ENTRADA DATOS'!$L$4:$L$123,0)),"") | I19: =IFERROR(INDEX('ENTRADA DATOS'!$I$4:$I$123,MATCH(LARGE('ENTRADA DATOS'!$L$4:$L$123,16),'ENTRADA DATOS'!$L$4:$L$123,0)),"") | J19: =IFERROR(INDEX('ENTRADA DATOS'!$J$4:$J$123,MATCH(LARGE('ENTRADA DATOS'!$L$4:$L$123,16),'ENTRADA DATOS'!$L$4:$L$123,0)),"") | K19: =IFERROR(INDEX('ENTRADA DATOS'!$K$4:$K$123,MATCH(LARGE('ENTRADA DATOS'!$L$4:$L$123,16),'ENTRADA DATOS'!$L$4:$L$123,0)),"")
A20: =IF(I20="","",17) | B20: =IFERROR(INDEX('ENTRADA DATOS'!$B$4:$B$123,MATCH(LARGE('ENTRADA DATOS'!$L$4:$L$123,17),'ENTRADA DATOS'!$L$4:$L$123,0)),"") | C20: =IFERROR(INDEX('ENTRADA DATOS'!$C$4:$C$123,MATCH(LARGE('ENTRADA DATOS'!$L$4:$L$123,17),'ENTRADA DATOS'!$L$4:$L$123,0)),"") | D20: =IFERROR(INDEX('ENTRADA DATOS'!$D$4:$D$123,MATCH(LARGE('ENTRADA DATOS'!$L$4:$L$123,17),'ENTRADA DATOS'!$L$4:$L$123,0)),"") | E20: =IFERROR(INDEX('ENTRADA DATOS'!$E$4:$E$123,MATCH(LARGE('ENTRADA DATOS'!$L$4:$L$123,17),'ENTRADA DATOS'!$L$4:$L$123,0)),"") | F20: =IFERROR(INDEX('ENTRADA DATOS'!$F$4:$F$123,MATCH(LARGE('ENTRADA DATOS'!$L$4:$L$123,17),'ENTRADA DATOS'!$L$4:$L$123,0)),"") | G20: =IFERROR(INDEX('ENTRADA DATOS'!$G$4:$G$123,MATCH(LARGE('ENTRADA DATOS'!$L$4:$L$123,17),'ENTRADA DATOS'!$L$4:$L$123,0)),"") | H20: =IFERROR(INDEX('ENTRADA DATOS'!$H$4:$H$123,MATCH(LARGE('ENTRADA DATOS'!$L$4:$L$123,17),'ENTRADA DATOS'!$L$4:$L$123,0)),"") | I20: =IFERROR(INDEX('ENTRADA DATOS'!$I$4:$I$123,MATCH(LARGE('ENTRADA DATOS'!$L$4:$L$123,17),'ENTRADA DATOS'!$L$4:$L$123,0)),"") | J20: =IFERROR(INDEX('ENTRADA DATOS'!$J$4:$J$123,MATCH(LARGE('ENTRADA DATOS'!$L$4:$L$123,17),'ENTRADA DATOS'!$L$4:$L$123,0)),"") | K20: =IFERROR(INDEX('ENTRADA DATOS'!$K$4:$K$123,MATCH(LARGE('ENTRADA DATOS'!$L$4:$L$123,17),'ENTRADA DATOS'!$L$4:$L$123,0)),"")
A21: =IF(I21="","",18) | B21: =IFERROR(INDEX('ENTRADA DATOS'!$B$4:$B$123,MATCH(LARGE('ENTRADA DATOS'!$L$4:$L$123,18),'ENTRADA DATOS'!$L$4:$L$123,0)),"") | C21: =IFERROR(INDEX('ENTRADA DATOS'!$C$4:$C$123,MATCH(LARGE('ENTRADA DATOS'!$L$4:$L$123,18),'ENTRADA DATOS'!$L$4:$L$123,0)),"") | D21: =IFERROR(INDEX('ENTRADA DATOS'!$D$4:$D$123,MATCH(LARGE('ENTRADA DATOS'!$L$4:$L$123,18),'ENTRADA DATOS'!$L$4:$L$123,0)),"") | E21: =IFERROR(INDEX('ENTRADA DATOS'!$E$4:$E$123,MATCH(LARGE('ENTRADA DATOS'!$L$4:$L$123,18),'ENTRADA DATOS'!$L$4:$L$123,0)),"") | F21: =IFERROR(INDEX('ENTRADA DATOS'!$F$4:$F$123,MATCH(LARGE('ENTRADA DATOS'!$L$4:$L$123,18),'ENTRADA DATOS'!$L$4:$L$123,0)),"") | G21: =IFERROR(INDEX('ENTRADA DATOS'!$G$4:$G$123,MATCH(LARGE('ENTRADA DATOS'!$L$4:$L$123,18),'ENTRADA DATOS'!$L$4:$L$123,0)),"") | H21: =IFERROR(INDEX('ENTRADA DATOS'!$H$4:$H$123,MATCH(LARGE('ENTRADA DATOS'!$L$4:$L$123,18),'ENTRADA DATOS'!$L$4:$L$123,0)),"") | I21: =IFERROR(INDEX('ENTRADA DATOS'!$I$4:$I$123,MATCH(LARGE('ENTRADA DATOS'!$L$4:$L$123,18),'ENTRADA DATOS'!$L$4:$L$123,0)),"") | J21: =IFERROR(INDEX('ENTRADA DATOS'!$J$4:$J$123,MATCH(LARGE('ENTRADA DATOS'!$L$4:$L$123,18),'ENTRADA DATOS'!$L$4:$L$123,0)),"") | K21: =IFERROR(INDEX('ENTRADA DATOS'!$K$4:$K$123,MATCH(LARGE('ENTRADA DATOS'!$L$4:$L$123,18),'ENTRADA DATOS'!$L$4:$L$123,0)),"")
A22: =IF(I22="","",19) | B22: =IFERROR(INDEX('ENTRADA DATOS'!$B$4:$B$123,MATCH(LARGE('ENTRADA DATOS'!$L$4:$L$123,19),'ENTRADA DATOS'!$L$4:$L$123,0)),"") | C22: =IFERROR(INDEX('ENTRADA DATOS'!$C$4:$C$123,MATCH(LARGE('ENTRADA DATOS'!$L$4:$L$123,19),'ENTRADA DATOS'!$L$4:$L$123,0)),"") | D22: =IFERROR(INDEX('ENTRADA DATOS'!$D$4:$D$123,MATCH(LARGE('ENTRADA DATOS'!$L$4:$L$123,19),'ENTRADA DATOS'!$L$4:$L$123,0)),"") | E22: =IFERROR(INDEX('ENTRADA DATOS'!$E$4:$E$123,MATCH(LARGE('ENTRADA DATOS'!$L$4:$L$123,19),'ENTRADA DATOS'!$L$4:$L$123,0)),"") | F22: =IFERROR(INDEX('ENTRADA DATOS'!$F$4:$F$123,MATCH(LARGE('ENTRADA DATOS'!$L$4:$L$123,19),'ENTRADA DATOS'!$L$4:$L$123,0)),"") | G22: =IFERROR(INDEX('ENTRADA DATOS'!$G$4:$G$123,MATCH(LARGE('ENTRADA DATOS'!$L$4:$L$123,19),'ENTRADA DATOS'!$L$4:$L$123,0)),"") | H22: =IFERROR(INDEX('ENTRADA DATOS'!$H$4:$H$123,MATCH(LARGE('ENTRADA DATOS'!$L$4:$L$123,19),'ENTRADA DATOS'!$L$4:$L$123,0)),"") | I22: =IFERROR(INDEX('ENTRADA DATOS'!$I$4:$I$123,MATCH(LARGE('ENTRADA DATOS'!$L$4:$L$123,19),'ENTRADA DATOS'!$L$4:$L$123,0)),"") | J22: =IFERROR(INDEX('ENTRADA DATOS'!$J$4:$J$123,MATCH(LARGE('ENTRADA DATOS'!$L$4:$L$123,19),'ENTRADA DATOS'!$L$4:$L$123,0)),"") | K22: =IFERROR(INDEX('ENTRADA DATOS'!$K$4:$K$123,MATCH(LARGE('ENTRADA DATOS'!$L$4:$L$123,19),'ENTRADA DATOS'!$L$4:$L$123,0)),"")
A23: =IF(I23="","",20) | B23: =IFERROR(INDEX('ENTRADA DATOS'!$B$4:$B$123,MATCH(LARGE('ENTRADA DATOS'!$L$4:$L$123,20),'ENTRADA DATOS'!$L$4:$L$123,0)),"") | C23: =IFERROR(INDEX('ENTRADA DATOS'!$C$4:$C$123,MATCH(LARGE('ENTRADA DATOS'!$L$4:$L$123,20),'ENTRADA DATOS'!$L$4:$L$123,0)),"") | D23: =IFERROR(INDEX('ENTRADA DATOS'!$D$4:$D$123,MATCH(LARGE('ENTRADA DATOS'!$L$4:$L$123,20),'ENTRADA DATOS'!$L$4:$L$123,0)),"") | E23: =IFERROR(INDEX('ENTRADA DATOS'!$E$4:$E$123,MATCH(LARGE('ENTRADA DATOS'!$L$4:$L$123,20),'ENTRADA DATOS'!$L$4:$L$123,0)),"") | F23: =IFERROR(INDEX('ENTRADA DATOS'!$F$4:$F$123,MATCH(LARGE('ENTRADA DATOS'!$L$4:$L$123,20),'ENTRADA DATOS'!$L$4:$L$123,0)),"") | G23: =IFERROR(INDEX('ENTRADA DATOS'!$G$4:$G$123,MATCH(LARGE('ENTRADA DATOS'!$L$4:$L$123,20),'ENTRADA DATOS'!$L$4:$L$123,0)),"") | H23: =IFERROR(INDEX('ENTRADA DATOS'!$H$4:$H$123,MATCH(LARGE('ENTRADA DATOS'!$L$4:$L$123,20),'ENTRADA DATOS'!$L$4:$L$123,0)),"") | I23: =IFERROR(INDEX('ENTRADA DATOS'!$I$4:$I$123,MATCH(LARGE('ENTRADA DATOS'!$L$4:$L$123,20),'ENTRADA DATOS'!$L$4:$L$123,0)),"") | J23: =IFERROR(INDEX('ENTRADA DATOS'!$J$4:$J$123,MATCH(LARGE('ENTRADA DATOS'!$L$4:$L$123,20),'ENTRADA DATOS'!$L$4:$L$123,0)),"") | K23: =IFERROR(INDEX('ENTRADA DATOS'!$K$4:$K$123,MATCH(LARGE('ENTRADA DATOS'!$L$4:$L$123,20),'ENTRADA DATOS'!$L$4:$L$123,0)),"")
A24: =IF(I24="","",21) | B24: =IFERROR(INDEX('ENTRADA DATOS'!$B$4:$B$123,MATCH(LARGE('ENTRADA DATOS'!$L$4:$L$123,21),'ENTRADA DATOS'!$L$4:$L$123,0)),"") | C24: =IFERROR(INDEX('ENTRADA DATOS'!$C$4:$C$123,MATCH(LARGE('ENTRADA DATOS'!$L$4:$L$123,21),'ENTRADA DATOS'!$L$4:$L$123,0)),"") | D24: =IFERROR(INDEX('ENTRADA DATOS'!$D$4:$D$123,MATCH(LARGE('ENTRADA DATOS'!$L$4:$L$123,21),'ENTRADA DATOS'!$L$4:$L$123,0)),"") | E24: =IFERROR(INDEX('ENTRADA DATOS'!$E$4:$E$123,MATCH(LARGE('ENTRADA DATOS'!$L$4:$L$123,21),'ENTRADA DATOS'!$L$4:$L$123,0)),"") | F24: =IFERROR(INDEX('ENTRADA DATOS'!$F$4:$F$123,MATCH(LARGE('ENTRADA DATOS'!$L$4:$L$123,21),'ENTRADA DATOS'!$L$4:$L$123,0)),"") | G24: =IFERROR(INDEX('ENTRADA DATOS'!$G$4:$G$123,MATCH(LARGE('ENTRADA DATOS'!$L$4:$L$123,21),'ENTRADA DATOS'!$L$4:$L$123,0)),"") | H24: =IFERROR(INDEX('ENTRADA DATOS'!$H$4:$H$123,MATCH(LARGE('ENTRADA DATOS'!$L$4:$L$123,21),'ENTRADA DATOS'!$L$4:$L$123,0)),"") | I24: =IFERROR(INDEX('ENTRADA DATOS'!$I$4:$I$123,MATCH(LARGE('ENTRADA DATOS'!$L$4:$L$123,21),'ENTRADA DATOS'!$L$4:$L$123,0)),"") | J24: =IFERROR(INDEX('ENTRADA DATOS'!$J$4:$J$123,MATCH(LARGE('ENTRADA DATOS'!$L$4:$L$123,21),'ENTRADA DATOS'!$L$4:$L$123,0)),"") | K24: =IFERROR(INDEX('ENTRADA DATOS'!$K$4:$K$123,MATCH(LARGE('ENTRADA DATOS'!$L$4:$L$123,21),'ENTRADA DATOS'!$L$4:$L$123,0)),"")
A25: =IF(I25="","",22) | B25: =IFERROR(INDEX('ENTRADA DATOS'!$B$4:$B$123,MATCH(LARGE('ENTRADA DATOS'!$L$4:$L$123,22),'ENTRADA DATOS'!$L$4:$L$123,0)),"") | C25: =IFERROR(INDEX('ENTRADA DATOS'!$C$4:$C$123,MATCH(LARGE('ENTRADA DATOS'!$L$4:$L$123,22),'ENTRADA DATOS'!$L$4:$L$123,0)),"") | D25: =IFERROR(INDEX('ENTRADA DATOS'!$D$4:$D$123,MATCH(LARGE('ENTRADA DATOS'!$L$4:$L$123,22),'ENTRADA DATOS'!$L$4:$L$123,0)),"") | E25: =IFERROR(INDEX('ENTRADA DATOS'!$E$4:$E$123,MATCH(LARGE('ENTRADA DATOS'!$L$4:$L$123,22),'ENTRADA DATOS'!$L$4:$L$123,0)),"") | F25: =IFERROR(INDEX('ENTRADA DATOS'!$F$4:$F$123,MATCH(LARGE('ENTRADA DATOS'!$L$4:$L$123,22),'ENTRADA DATOS'!$L$4:$L$123,0)),"") | G25: =IFERROR(INDEX('ENTRADA DATOS'!$G$4:$G$123,MATCH(LARGE('ENTRADA DATOS'!$L$4:$L$123,22),'ENTRADA DATOS'!$L$4:$L$123,0)),"") | H25: =IFERROR(INDEX('ENTRADA DATOS'!$H$4:$H$123,MATCH(LARGE('ENTRADA DATOS'!$L$4:$L$123,22),'ENTRADA DATOS'!$L$4:$L$123,0)),"") | I25: =IFERROR(INDEX('ENTRADA DATOS'!$I$4:$I$123,MATCH(LARGE('ENTRADA DATOS'!$L$4:$L$123,22),'ENTRADA DATOS'!$L$4:$L$123,0)),"") | J25: =IFERROR(INDEX('ENTRADA DATOS'!$J$4:$J$123,MATCH(LARGE('ENTRADA DATOS'!$L$4:$L$123,22),'ENTRADA DATOS'!$L$4:$L$123,0)),"") | K25: =IFERROR(INDEX('ENTRADA DATOS'!$K$4:$K$123,MATCH(LARGE('ENTRADA DATOS'!$L$4:$L$123,22),'ENTRADA DATOS'!$L$4:$L$123,0)),"")
A26: =IF(I26="","",23) | B26: =IFERROR(INDEX('ENTRADA DATOS'!$B$4:$B$123,MATCH(LARGE('ENTRADA DATOS'!$L$4:$L$123,23),'ENTRADA DATOS'!$L$4:$L$123,0)),"") | C26: =IFERROR(INDEX('ENTRADA DATOS'!$C$4:$C$123,MATCH(LARGE('ENTRADA DATOS'!$L$4:$L$123,23),'ENTRADA DATOS'!$L$4:$L$123,0)),"") | D26: =IFERROR(INDEX('ENTRADA DATOS'!$D$4:$D$123,MATCH(LARGE('ENTRADA DATOS'!$L$4:$L$123,23),'ENTRADA DATOS'!$L$4:$L$123,0)),"") | E26: =IFERROR(INDEX('ENTRADA DATOS'!$E$4:$E$123,MATCH(LARGE('ENTRADA DATOS'!$L$4:$L$123,23),'ENTRADA DATOS'!$L$4:$L$123,0)),"") | F26: =IFERROR(INDEX('ENTRADA DATOS'!$F$4:$F$123,MATCH(LARGE('ENTRADA DATOS'!$L$4:$L$123,23),'ENTRADA DATOS'!$L$4:$L$123,0)),"") | G26: =IFERROR(INDEX('ENTRADA DATOS'!$G$4:$G$123,MATCH(LARGE('ENTRADA DATOS'!$L$4:$L$123,23),'ENTRADA DATOS'!$L$4:$L$123,0)),"") | H26: =IFERROR(INDEX('ENTRADA DATOS'!$H$4:$H$123,MATCH(LARGE('ENTRADA DATOS'!$L$4:$L$123,23),'ENTRADA DATOS'!$L$4:$L$123,0)),"") | I26: =IFERROR(INDEX('ENTRADA DATOS'!$I$4:$I$123,MATCH(LARGE('ENTRADA DATOS'!$L$4:$L$123,23),'ENTRADA DATOS'!$L$4:$L$123,0)),"") | J26: =IFERROR(INDEX('ENTRADA DATOS'!$J$4:$J$123,MATCH(LARGE('ENTRADA DATOS'!$L$4:$L$123,23),'ENTRADA DATOS'!$L$4:$L$123,0)),"") | K26: =IFERROR(INDEX('ENTRADA DATOS'!$K$4:$K$123,MATCH(LARGE('ENTRADA DATOS'!$L$4:$L$123,23),'ENTRADA DATOS'!$L$4:$L$123,0)),"")
A27: =IF(I27="","",24) | B27: =IFERROR(INDEX('ENTRADA DATOS'!$B$4:$B$123,MATCH(LARGE('ENTRADA DATOS'!$L$4:$L$123,24),'ENTRADA DATOS'!$L$4:$L$123,0)),"") | C27: =IFERROR(INDEX('ENTRADA DATOS'!$C$4:$C$123,MATCH(LARGE('ENTRADA DATOS'!$L$4:$L$123,24),'ENTRADA DATOS'!$L$4:$L$123,0)),"") | D27: =IFERROR(INDEX('ENTRADA DATOS'!$D$4:$D$123,MATCH(LARGE('ENTRADA DATOS'!$L$4:$L$123,24),'ENTRADA DATOS'!$L$4:$L$123,0)),"") | E27: =IFERROR(INDEX('ENTRADA DATOS'!$E$4:$E$123,MATCH(LARGE('ENTRADA DATOS'!$L$4:$L$123,24),'ENTRADA DATOS'!$L$4:$L$123,0)),"") | F27: =IFERROR(INDEX('ENTRADA DATOS'!$F$4:$F$123,MATCH(LARGE('ENTRADA DATOS'!$L$4:$L$123,24),'ENTRADA DATOS'!$L$4:$L$123,0)),"") | G27: =IFERROR(INDEX('ENTRADA DATOS'!$G$4:$G$123,MATCH(LARGE('ENTRADA DATOS'!$L$4:$L$123,24),'ENTRADA DATOS'!$L$4:$L$123,0)),"") | H27: =IFERROR(INDEX('ENTRADA DATOS'!$H$4:$H$123,MATCH(LARGE('ENTRADA DATOS'!$L$4:$L$123,24),'ENTRADA DATOS'!$L$4:$L$123,0)),"") | I27: =IFERROR(INDEX('ENTRADA DATOS'!$I$4:$I$123,MATCH(LARGE('ENTRADA DATOS'!$L$4:$L$123,24),'ENTRADA DATOS'!$L$4:$L$123,0)),"") | J27: =IFERROR(INDEX('ENTRADA DATOS'!$J$4:$J$123,MATCH(LARGE('ENTRADA DATOS'!$L$4:$L$123,24),'ENTRADA DATOS'!$L$4:$L$123,0)),"") | K27: =IFERROR(INDEX('ENTRADA DATOS'!$K$4:$K$123,MATCH(LARGE('ENTRADA DATOS'!$L$4:$L$123,24),'ENTRADA DATOS'!$L$4:$L$123,0)),"")
A28: =IF(I28="","",25) | B28: =IFERROR(INDEX('ENTRADA DATOS'!$B$4:$B$123,MATCH(LARGE('ENTRADA DATOS'!$L$4:$L$123,25),'ENTRADA DATOS'!$L$4:$L$123,0)),"") | C28: =IFERROR(INDEX('ENTRADA DATOS'!$C$4:$C$123,MATCH(LARGE('ENTRADA DATOS'!$L$4:$L$123,25),'ENTRADA DATOS'!$L$4:$L$123,0)),"") | D28: =IFERROR(INDEX('ENTRADA DATOS'!$D$4:$D$123,MATCH(LARGE('ENTRADA DATOS'!$L$4:$L$123,25),'ENTRADA DATOS'!$L$4:$L$123,0)),"") | E28: =IFERROR(INDEX('ENTRADA DATOS'!$E$4:$E$123,MATCH(LARGE('ENTRADA DATOS'!$L$4:$L$123,25),'ENTRADA DATOS'!$L$4:$L$123,0)),"") | F28: =IFERROR(INDEX('ENTRADA DATOS'!$F$4:$F$123,MATCH(LARGE('ENTRADA DATOS'!$L$4:$L$123,25),'ENTRADA DATOS'!$L$4:$L$123,0)),"") | G28: =IFERROR(INDEX('ENTRADA DATOS'!$G$4:$G$123,MATCH(LARGE('ENTRADA DATOS'!$L$4:$L$123,25),'ENTRADA DATOS'!$L$4:$L$123,0)),"") | H28: =IFERROR(INDEX('ENTRADA DATOS'!$H$4:$H$123,MATCH(LARGE('ENTRADA DATOS'!$L$4:$L$123,25),'ENTRADA DATOS'!$L$4:$L$123,0)),"") | I28: =IFERROR(INDEX('ENTRADA DATOS'!$I$4:$I$123,MATCH(LARGE('ENTRADA DATOS'!$L$4:$L$123,25),'ENTRADA DATOS'!$L$4:$L$123,0)),"") | J28: =IFERROR(INDEX('ENTRADA DATOS'!$J$4:$J$123,MATCH(LARGE('ENTRADA DATOS'!$L$4:$L$123,25),'ENTRADA DATOS'!$L$4:$L$123,0)),"") | K28: =IFERROR(INDEX('ENTRADA DATOS'!$K$4:$K$123,MATCH(LARGE('ENTRADA DATOS'!$L$4:$L$123,25),'ENTRADA DATOS'!$L$4:$L$123,0)),"")
A29: =IF(I29="","",26) | B29: =IFERROR(INDEX('ENTRADA DATOS'!$B$4:$B$123,MATCH(LARGE('ENTRADA DATOS'!$L$4:$L$123,26),'ENTRADA DATOS'!$L$4:$L$123,0)),"") | C29: =IFERROR(INDEX('ENTRADA DATOS'!$C$4:$C$123,MATCH(LARGE('ENTRADA DATOS'!$L$4:$L$123,26),'ENTRADA DATOS'!$L$4:$L$123,0)),"") | D29: =IFERROR(INDEX('ENTRADA DATOS'!$D$4:$D$123,MATCH(LARGE('ENTRADA DATOS'!$L$4:$L$123,26),'ENTRADA DATOS'!$L$4:$L$123,0)),"") | E29: =IFERROR(INDEX('ENTRADA DATOS'!$E$4:$E$123,MATCH(LARGE('ENTRADA DATOS'!$L$4:$L$123,26),'ENTRADA DATOS'!$L$4:$L$123,0)),"") | F29: =IFERROR(INDEX('ENTRADA DATOS'!$F$4:$F$123,MATCH(LARGE('ENTRADA DATOS'!$L$4:$L$123,26),'ENTRADA DATOS'!$L$4:$L$123,0)),"") | G29: =IFERROR(INDEX('ENTRADA DATOS'!$G$4:$G$123,MATCH(LARGE('ENTRADA DATOS'!$L$4:$L$123,26),'ENTRADA DATOS'!$L$4:$L$123,0)),"") | H29: =IFERROR(INDEX('ENTRADA DATOS'!$H$4:$H$123,MATCH(LARGE('ENTRADA DATOS'!$L$4:$L$123,26),'ENTRADA DATOS'!$L$4:$L$123,0)),"") | I29: =IFERROR(INDEX('ENTRADA DATOS'!$I$4:$I$123,MATCH(LARGE('ENTRADA DATOS'!$L$4:$L$123,26),'ENTRADA DATOS'!$L$4:$L$123,0)),"") | J29: =IFERROR(INDEX('ENTRADA DATOS'!$J$4:$J$123,MATCH(LARGE('ENTRADA DATOS'!$L$4:$L$123,26),'ENTRADA DATOS'!$L$4:$L$123,0)),"") | K29: =IFERROR(INDEX('ENTRADA DATOS'!$K$4:$K$123,MATCH(LARGE('ENTRADA DATOS'!$L$4:$L$123,26),'ENTRADA DATOS'!$L$4:$L$123,0)),"")
A30: =IF(I30="","",27) | B30: =IFERROR(INDEX('ENTRADA DATOS'!$B$4:$B$123,MATCH(LARGE('ENTRADA DATOS'!$L$4:$L$123,27),'ENTRADA DATOS'!$L$4:$L$123,0)),"") | C30: =IFERROR(INDEX('ENTRADA DATOS'!$C$4:$C$123,MATCH(LARGE('ENTRADA DATOS'!$L$4:$L$123,27),'ENTRADA DATOS'!$L$4:$L$123,0)),"") | D30: =IFERROR(INDEX('ENTRADA DATOS'!$D$4:$D$123,MATCH(LARGE('ENTRADA DATOS'!$L$4:$L$123,27),'ENTRADA DATOS'!$L$4:$L$123,0)),"") | E30: =IFERROR(INDEX('ENTRADA DATOS'!$E$4:$E$123,MATCH(LARGE('ENTRADA DATOS'!$L$4:$L$123,27),'ENTRADA DATOS'!$L$4:$L$123,0)),"") | F30: =IFERROR(INDEX('ENTRADA DATOS'!$F$4:$F$123,MATCH(LARGE('ENTRADA DATOS'!$L$4:$L$123,27),'ENTRADA DATOS'!$L$4:$L$123,0)),"") | G30: =IFERROR(INDEX('ENTRADA DATOS'!$G$4:$G$123,MATCH(LARGE('ENTRADA DATOS'!$L$4:$L$123,27),'ENTRADA DATOS'!$L$4:$L$123,0)),"") | H30: =IFERROR(INDEX('ENTRADA DATOS'!$H$4:$H$123,MATCH(LARGE('ENTRADA DATOS'!$L$4:$L$123,27),'ENTRADA DATOS'!$L$4:$L$123,0)),"") | I30: =IFERROR(INDEX('ENTRADA DATOS'!$I$4:$I$123,MATCH(LARGE('ENTRADA DATOS'!$L$4:$L$123,27),'ENTRADA DATOS'!$L$4:$L$123,0)),"") | J30: =IFERROR(INDEX('ENTRADA DATOS'!$J$4:$J$123,MATCH(LARGE('ENTRADA DATOS'!$L$4:$L$123,27),'ENTRADA DATOS'!$L$4:$L$123,0)),"") | K30: =IFERROR(INDEX('ENTRADA DATOS'!$K$4:$K$123,MATCH(LARGE('ENTRADA DATOS'!$L$4:$L$123,27),'ENTRADA DATOS'!$L$4:$L$123,0)),"")
A31: =IF(I31="","",28) | B31: =IFERROR(INDEX('ENTRADA DATOS'!$B$4:$B$123,MATCH(LARGE('ENTRADA DATOS'!$L$4:$L$123,28),'ENTRADA DATOS'!$L$4:$L$123,0)),"") | C31: =IFERROR(INDEX('ENTRADA DATOS'!$C$4:$C$123,MATCH(LARGE('ENTRADA DATOS'!$L$4:$L$123,28),'ENTRADA DATOS'!$L$4:$L$123,0)),"") | D31: =IFERROR(INDEX('ENTRADA DATOS'!$D$4:$D$123,MATCH(LARGE('ENTRADA DATOS'!$L$4:$L$123,28),'ENTRADA DATOS'!$L$4:$L$123,0)),"") | E31: =IFERROR(INDEX('ENTRADA DATOS'!$E$4:$E$123,MATCH(LARGE('ENTRADA DATOS'!$L$4:$L$123,28),'ENTRADA DATOS'!$L$4:$L$123,0)),"") | F31: =IFERROR(INDEX('ENTRADA DATOS'!$F$4:$F$123,MATCH(LARGE('ENTRADA DATOS'!$L$4:$L$123,28),'ENTRADA DATOS'!$L$4:$L$123,0)),"") | G31: =IFERROR(INDEX('ENTRADA DATOS'!$G$4:$G$123,MATCH(LARGE('ENTRADA DATOS'!$L$4:$L$123,28),'ENTRADA DATOS'!$L$4:$L$123,0)),"") | H31: =IFERROR(INDEX('ENTRADA DATOS'!$H$4:$H$123,MATCH(LARGE('ENTRADA DATOS'!$L$4:$L$123,28),'ENTRADA DATOS'!$L$4:$L$123,0)),"") | I31: =IFERROR(INDEX('ENTRADA DATOS'!$I$4:$I$123,MATCH(LARGE('ENTRADA DATOS'!$L$4:$L$123,28),'ENTRADA DATOS'!$L$4:$L$123,0)),"") | J31: =IFERROR(INDEX('ENTRADA DATOS'!$J$4:$J$123,MATCH(LARGE('ENTRADA DATOS'!$L$4:$L$123,28),'ENTRADA DATOS'!$L$4:$L$123,0)),"") | K31: =IFERROR(INDEX('ENTRADA DATOS'!$K$4:$K$123,MATCH(LARGE('ENTRADA DATOS'!$L$4:$L$123,28),'ENTRADA DATOS'!$L$4:$L$123,0)),"")
A32: =IF(I32="","",29) | B32: =IFERROR(INDEX('ENTRADA DATOS'!$B$4:$B$123,MATCH(LARGE('ENTRADA DATOS'!$L$4:$L$123,29),'ENTRADA DATOS'!$L$4:$L$123,0)),"") | C32: =IFERROR(INDEX('ENTRADA DATOS'!$C$4:$C$123,MATCH(LARGE('ENTRADA DATOS'!$L$4:$L$123,29),'ENTRADA DATOS'!$L$4:$L$123,0)),"") | D32: =IFERROR(INDEX('ENTRADA DATOS'!$D$4:$D$123,MATCH(LARGE('ENTRADA DATOS'!$L$4:$L$123,29),'ENTRADA DATOS'!$L$4:$L$123,0)),"") | E32: =IFERROR(INDEX('ENTRADA DATOS'!$E$4:$E$123,MATCH(LARGE('ENTRADA DATOS'!$L$4:$L$123,29),'ENTRADA DATOS'!$L$4:$L$123,0)),"") | F32: =IFERROR(INDEX('ENTRADA DATOS'!$F$4:$F$123,MATCH(LARGE('ENTRADA DATOS'!$L$4:$L$123,29),'ENTRADA DATOS'!$L$4:$L$123,0)),"") | G32: =IFERROR(INDEX('ENTRADA DATOS'!$G$4:$G$123,MATCH(LARGE('ENTRADA DATOS'!$L$4:$L$123,29),'ENTRADA DATOS'!$L$4:$L$123,0)),"") | H32: =IFERROR(INDEX('ENTRADA DATOS'!$H$4:$H$123,MATCH(LARGE('ENTRADA DATOS'!$L$4:$L$123,29),'ENTRADA DATOS'!$L$4:$L$123,0)),"") | I32: =IFERROR(INDEX('ENTRADA DATOS'!$I$4:$I$123,MATCH(LARGE('ENTRADA DATOS'!$L$4:$L$123,29),'ENTRADA DATOS'!$L$4:$L$123,0)),"") | J32: =IFERROR(INDEX('ENTRADA DATOS'!$J$4:$J$123,MATCH(LARGE('ENTRADA DATOS'!$L$4:$L$123,29),'ENTRADA DATOS'!$L$4:$L$123,0)),"") | K32: =IFERROR(INDEX('ENTRADA DATOS'!$K$4:$K$123,MATCH(LARGE('ENTRADA DATOS'!$L$4:$L$123,29),'ENTRADA DATOS'!$L$4:$L$123,0)),"")
A33: =IF(I33="","",30) | B33: =IFERROR(INDEX('ENTRADA DATOS'!$B$4:$B$123,MATCH(LARGE('ENTRADA DATOS'!$L$4:$L$123,30),'ENTRADA DATOS'!$L$4:$L$123,0)),"") | C33: =IFERROR(INDEX('ENTRADA DATOS'!$C$4:$C$123,MATCH(LARGE('ENTRADA DATOS'!$L$4:$L$123,30),'ENTRADA DATOS'!$L$4:$L$123,0)),"") | D33: =IFERROR(INDEX('ENTRADA DATOS'!$D$4:$D$123,MATCH(LARGE('ENTRADA DATOS'!$L$4:$L$123,30),'ENTRADA DATOS'!$L$4:$L$123,0)),"") | E33: =IFERROR(INDEX('ENTRADA DATOS'!$E$4:$E$123,MATCH(LARGE('ENTRADA DATOS'!$L$4:$L$123,30),'ENTRADA DATOS'!$L$4:$L$123,0)),"") | F33: =IFERROR(INDEX('ENTRADA DATOS'!$F$4:$F$123,MATCH(LARGE('ENTRADA DATOS'!$L$4:$L$123,30),'ENTRADA DATOS'!$L$4:$L$123,0)),"") | G33: =IFERROR(INDEX('ENTRADA DATOS'!$G$4:$G$123,MATCH(LARGE('ENTRADA DATOS'!$L$4:$L$123,30),'ENTRADA DATOS'!$L$4:$L$123,0)),"") | H33: =IFERROR(INDEX('ENTRADA DATOS'!$H$4:$H$123,MATCH(LARGE('ENTRADA DATOS'!$L$4:$L$123,30),'ENTRADA DATOS'!$L$4:$L$123,0)),"") | I33: =IFERROR(INDEX('ENTRADA DATOS'!$I$4:$I$123,MATCH(LARGE('ENTRADA DATOS'!$L$4:$L$123,30),'ENTRADA DATOS'!$L$4:$L$123,0)),"") | J33: =IFERROR(INDEX('ENTRADA DATOS'!$J$4:$J$123,MATCH(LARGE('ENTRADA DATOS'!$L$4:$L$123,30),'ENTRADA DATOS'!$L$4:$L$123,0)),"") | K33: =IFERROR(INDEX('ENTRADA DATOS'!$K$4:$K$123,MATCH(LARGE('ENTRADA DATOS'!$L$4:$L$123,30),'ENTRADA DATOS'!$L$4:$L$123,0)),"")
A34: =IF(I34="","",31) | B34: =IFERROR(INDEX('ENTRADA DATOS'!$B$4:$B$123,MATCH(LARGE('ENTRADA DATOS'!$L$4:$L$123,31),'ENTRADA DATOS'!$L$4:$L$123,0)),"") | C34: =IFERROR(INDEX('ENTRADA DATOS'!$C$4:$C$123,MATCH(LARGE('ENTRADA DATOS'!$L$4:$L$123,31),'ENTRADA DATOS'!$L$4:$L$123,0)),"") | D34: =IFERROR(INDEX('ENTRADA DATOS'!$D$4:$D$123,MATCH(LARGE('ENTRADA DATOS'!$L$4:$L$123,31),'ENTRADA DATOS'!$L$4:$L$123,0)),"") | E34: =IFERROR(INDEX('ENTRADA DATOS'!$E$4:$E$123,MATCH(LARGE('ENTRADA DATOS'!$L$4:$L$123,31),'ENTRADA DATOS'!$L$4:$L$123,0)),"") | F34: =IFERROR(INDEX('ENTRADA DATOS'!$F$4:$F$123,MATCH(LARGE('ENTRADA DATOS'!$L$4:$L$123,31),'ENTRADA DATOS'!$L$4:$L$123,0)),"") | G34: =IFERROR(INDEX('ENTRADA DATOS'!$G$4:$G$123,MATCH(LARGE('ENTRADA DATOS'!$L$4:$L$123,31),'ENTRADA DATOS'!$L$4:$L$123,0)),"") | H34: =IFERROR(INDEX('ENTRADA DATOS'!$H$4:$H$123,MATCH(LARGE('ENTRADA DATOS'!$L$4:$L$123,31),'ENTRADA DATOS'!$L$4:$L$123,0)),"") | I34: =IFERROR(INDEX('ENTRADA DATOS'!$I$4:$I$123,MATCH(LARGE('ENTRADA DATOS'!$L$4:$L$123,31),'ENTRADA DATOS'!$L$4:$L$123,0)),"") | J34: =IFERROR(INDEX('ENTRADA DATOS'!$J$4:$J$123,MATCH(LARGE('ENTRADA DATOS'!$L$4:$L$123,31),'ENTRADA DATOS'!$L$4:$L$123,0)),"") | K34: =IFERROR(INDEX('ENTRADA DATOS'!$K$4:$K$123,MATCH(LARGE('ENTRADA DATOS'!$L$4:$L$123,31),'ENTRADA DATOS'!$L$4:$L$123,0)),"")
A35: =IF(I35="","",32) | B35: =IFERROR(INDEX('ENTRADA DATOS'!$B$4:$B$123,MATCH(LARGE('ENTRADA DATOS'!$L$4:$L$123,32),'ENTRADA DATOS'!$L$4:$L$123,0)),"") | C35: =IFERROR(INDEX('ENTRADA DATOS'!$C$4:$C$123,MATCH(LARGE('ENTRADA DATOS'!$L$4:$L$123,32),'ENTRADA DATOS'!$L$4:$L$123,0)),"") | D35: =IFERROR(INDEX('ENTRADA DATOS'!$D$4:$D$123,MATCH(LARGE('ENTRADA DATOS'!$L$4:$L$123,32),'ENTRADA DATOS'!$L$4:$L$123,0)),"") | E35: =IFERROR(INDEX('ENTRADA DATOS'!$E$4:$E$123,MATCH(LARGE('ENTRADA DATOS'!$L$4:$L$123,32),'ENTRADA DATOS'!$L$4:$L$123,0)),"") | F35: =IFERROR(INDEX('ENTRADA DATOS'!$F$4:$F$123,MATCH(LARGE('ENTRADA DATOS'!$L$4:$L$123,32),'ENTRADA DATOS'!$L$4:$L$123,0)),"") | G35: =IFERROR(INDEX('ENTRADA DATOS'!$G$4:$G$123,MATCH(LARGE('ENTRADA DATOS'!$L$4:$L$123,32),'ENTRADA DATOS'!$L$4:$L$123,0)),"") | H35: =IFERROR(INDEX('ENTRADA DATOS'!$H$4:$H$123,MATCH(LARGE('ENTRADA DATOS'!$L$4:$L$123,32),'ENTRADA DATOS'!$L$4:$L$123,0)),"") | I35: =IFERROR(INDEX('ENTRADA DATOS'!$I$4:$I$123,MATCH(LARGE('ENTRADA DATOS'!$L$4:$L$123,32),'ENTRADA DATOS'!$L$4:$L$123,0)),"") | J35: =IFERROR(INDEX('ENTRADA DATOS'!$J$4:$J$123,MATCH(LARGE('ENTRADA DATOS'!$L$4:$L$123,32),'ENTRADA DATOS'!$L$4:$L$123,0)),"") | K35: =IFERROR(INDEX('ENTRADA DATOS'!$K$4:$K$123,MATCH(LARGE('ENTRADA DATOS'!$L$4:$L$123,32),'ENTRADA DATOS'!$L$4:$L$123,0)),"")
A36: =IF(I36="","",33) | B36: =IFERROR(INDEX('ENTRADA DATOS'!$B$4:$B$123,MATCH(LARGE('ENTRADA DATOS'!$L$4:$L$123,33),'ENTRADA DATOS'!$L$4:$L$123,0)),"") | C36: =IFERROR(INDEX('ENTRADA DATOS'!$C$4:$C$123,MATCH(LARGE('ENTRADA DATOS'!$L$4:$L$123,33),'ENTRADA DATOS'!$L$4:$L$123,0)),"") | D36: =IFERROR(INDEX('ENTRADA DATOS'!$D$4:$D$123,MATCH(LARGE('ENTRADA DATOS'!$L$4:$L$123,33),'ENTRADA DATOS'!$L$4:$L$123,0)),"") | E36: =IFERROR(INDEX('ENTRADA DATOS'!$E$4:$E$123,MATCH(LARGE('ENTRADA DATOS'!$L$4:$L$123,33),'ENTRADA DATOS'!$L$4:$L$123,0)),"") | F36: =IFERROR(INDEX('ENTRADA DATOS'!$F$4:$F$123,MATCH(LARGE('ENTRADA DATOS'!$L$4:$L$123,33),'ENTRADA DATOS'!$L$4:$L$123,0)),"") | G36: =IFERROR(INDEX('ENTRADA DATOS'!$G$4:$G$123,MATCH(LARGE('ENTRADA DATOS'!$L$4:$L$123,33),'ENTRADA DATOS'!$L$4:$L$123,0)),"") | H36: =IFERROR(INDEX('ENTRADA DATOS'!$H$4:$H$123,MATCH(LARGE('ENTRADA DATOS'!$L$4:$L$123,33),'ENTRADA DATOS'!$L$4:$L$123,0)),"") | I36: =IFERROR(INDEX('ENTRADA DATOS'!$I$4:$I$123,MATCH(LARGE('ENTRADA DATOS'!$L$4:$L$123,33),'ENTRADA DATOS'!$L$4:$L$123,0)),"") | J36: =IFERROR(INDEX('ENTRADA DATOS'!$J$4:$J$123,MATCH(LARGE('ENTRADA DATOS'!$L$4:$L$123,33),'ENTRADA DATOS'!$L$4:$L$123,0)),"") | K36: =IFERROR(INDEX('ENTRADA DATOS'!$K$4:$K$123,MATCH(LARGE('ENTRADA DATOS'!$L$4:$L$123,33),'ENTRADA DATOS'!$L$4:$L$123,0)),"")
A37: =IF(I37="","",34) | B37: =IFERROR(INDEX('ENTRADA DATOS'!$B$4:$B$123,MATCH(LARGE('ENTRADA DATOS'!$L$4:$L$123,34),'ENTRADA DATOS'!$L$4:$L$123,0)),"") | C37: =IFERROR(INDEX('ENTRADA DATOS'!$C$4:$C$123,MATCH(LARGE('ENTRADA DATOS'!$L$4:$L$123,34),'ENTRADA DATOS'!$L$4:$L$123,0)),"") | D37: =IFERROR(INDEX('ENTRADA DATOS'!$D$4:$D$123,MATCH(LARGE('ENTRADA DATOS'!$L$4:$L$123,34),'ENTRADA DATOS'!$L$4:$L$123,0)),"") | E37: =IFERROR(INDEX('ENTRADA DATOS'!$E$4:$E$123,MATCH(LARGE('ENTRADA DATOS'!$L$4:$L$123,34),'ENTRADA DATOS'!$L$4:$L$123,0)),"") | F37: =IFERROR(INDEX('ENTRADA DATOS'!$F$4:$F$123,MATCH(LARGE('ENTRADA DATOS'!$L$4:$L$123,34),'ENTRADA DATOS'!$L$4:$L$123,0)),"") | G37: =IFERROR(INDEX('ENTRADA DATOS'!$G$4:$G$123,MATCH(LARGE('ENTRADA DATOS'!$L$4:$L$123,34),'ENTRADA DATOS'!$L$4:$L$123,0)),"") | H37: =IFERROR(INDEX('ENTRADA DATOS'!$H$4:$H$123,MATCH(LARGE('ENTRADA DATOS'!$L$4:$L$123,34),'ENTRADA DATOS'!$L$4:$L$123,0)),"") | I37: =IFERROR(INDEX('ENTRADA DATOS'!$I$4:$I$123,MATCH(LARGE('ENTRADA DATOS'!$L$4:$L$123,34),'ENTRADA DATOS'!$L$4:$L$123,0)),"") | J37: =IFERROR(INDEX('ENTRADA DATOS'!$J$4:$J$123,MATCH(LARGE('ENTRADA DATOS'!$L$4:$L$123,34),'ENTRADA DATOS'!$L$4:$L$123,0)),"") | K37: =IFERROR(INDEX('ENTRADA DATOS'!$K$4:$K$123,MATCH(LARGE('ENTRADA DATOS'!$L$4:$L$123,34),'ENTRADA DATOS'!$L$4:$L$123,0)),"")
A38: =IF(I38="","",35) | B38: =IFERROR(INDEX('ENTRADA DATOS'!$B$4:$B$123,MATCH(LARGE('ENTRADA DATOS'!$L$4:$L$123,35),'ENTRADA DATOS'!$L$4:$L$123,0)),"") | C38: =IFERROR(INDEX('ENTRADA DATOS'!$C$4:$C$123,MATCH(LARGE('ENTRADA DATOS'!$L$4:$L$123,35),'ENTRADA DATOS'!$L$4:$L$123,0)),"") | D38: =IFERROR(INDEX('ENTRADA DATOS'!$D$4:$D$123,MATCH(LARGE('ENTRADA DATOS'!$L$4:$L$123,35),'ENTRADA DATOS'!$L$4:$L$123,0)),"") | E38: =IFERROR(INDEX('ENTRADA DATOS'!$E$4:$E$123,MATCH(LARGE('ENTRADA DATOS'!$L$4:$L$123,35),'ENTRADA DATOS'!$L$4:$L$123,0)),"") | F38: =IFERROR(INDEX('ENTRADA DATOS'!$F$4:$F$123,MATCH(LARGE('ENTRADA DATOS'!$L$4:$L$123,35),'ENTRADA DATOS'!$L$4:$L$123,0)),"") | G38: =IFERROR(INDEX('ENTRADA DATOS'!$G$4:$G$123,MATCH(LARGE('ENTRADA DATOS'!$L$4:$L$123,35),'ENTRADA DATOS'!$L$4:$L$123,0)),"") | H38: =IFERROR(INDEX('ENTRADA DATOS'!$H$4:$H$123,MATCH(LARGE('ENTRADA DATOS'!$L$4:$L$123,35),'ENTRADA DATOS'!$L$4:$L$123,0)),"") | I38: =IFERROR(INDEX('ENTRADA DATOS'!$I$4:$I$123,MATCH(LARGE('ENTRADA DATOS'!$L$4:$L$123,35),'ENTRADA DATOS'!$L$4:$L$123,0)),"") | J38: =IFERROR(INDEX('ENTRADA DATOS'!$J$4:$J$123,MATCH(LARGE('ENTRADA DATOS'!$L$4:$L$123,35),'ENTRADA DATOS'!$L$4:$L$123,0)),"") | K38: =IFERROR(INDEX('ENTRADA DATOS'!$K$4:$K$123,MATCH(LARGE('ENTRADA DATOS'!$L$4:$L$123,35),'ENTRADA DATOS'!$L$4:$L$123,0)),"")
A39: =IF(I39="","",36) | B39: =IFERROR(INDEX('ENTRADA DATOS'!$B$4:$B$123,MATCH(LARGE('ENTRADA DATOS'!$L$4:$L$123,36),'ENTRADA DATOS'!$L$4:$L$123,0)),"") | C39: =IFERROR(INDEX('ENTRADA DATOS'!$C$4:$C$123,MATCH(LARGE('ENTRADA DATOS'!$L$4:$L$123,36),'ENTRADA DATOS'!$L$4:$L$123,0)),"") | D39: =IFERROR(INDEX('ENTRADA DATOS'!$D$4:$D$123,MATCH(LARGE('ENTRADA DATOS'!$L$4:$L$123,36),'ENTRADA DATOS'!$L$4:$L$123,0)),"") | E39: =IFERROR(INDEX('ENTRADA DATOS'!$E$4:$E$123,MATCH(LARGE('ENTRADA DATOS'!$L$4:$L$123,36),'ENTRADA DATOS'!$L$4:$L$123,0)),"") | F39: =IFERROR(INDEX('ENTRADA DATOS'!$F$4:$F$123,MATCH(LARGE('ENTRADA DATOS'!$L$4:$L$123,36),'ENTRADA DATOS'!$L$4:$L$123,0)),"") | G39: =IFERROR(INDEX('ENTRADA DATOS'!$G$4:$G$123,MATCH(LARGE('ENTRADA DATOS'!$L$4:$L$123,36),'ENTRADA DATOS'!$L$4:$L$123,0)),"") | H39: =IFERROR(INDEX('ENTRADA DATOS'!$H$4:$H$123,MATCH(LARGE('ENTRADA DATOS'!$L$4:$L$123,36),'ENTRADA DATOS'!$L$4:$L$123,0)),"") | I39: =IFERROR(INDEX('ENTRADA DATOS'!$I$4:$I$123,MATCH(LARGE('ENTRADA DATOS'!$L$4:$L$123,36),'ENTRADA DATOS'!$L$4:$L$123,0)),"") | J39: =IFERROR(INDEX('ENTRADA DATOS'!$J$4:$J$123,MATCH(LARGE('ENTRADA DATOS'!$L$4:$L$123,36),'ENTRADA DATOS'!$L$4:$L$123,0)),"") | K39: =IFERROR(INDEX('ENTRADA DATOS'!$K$4:$K$123,MATCH(LARGE('ENTRADA DATOS'!$L$4:$L$123,36),'ENTRADA DATOS'!$L$4:$L$123,0)),"")
A40: =IF(I40="","",37) | B40: =IFERROR(INDEX('ENTRADA DATOS'!$B$4:$B$123,MATCH(LARGE('ENTRADA DATOS'!$L$4:$L$123,37),'ENTRADA DATOS'!$L$4:$L$123,0)),"") | C40: =IFERROR(INDEX('ENTRADA DATOS'!$C$4:$C$123,MATCH(LARGE('ENTRADA DATOS'!$L$4:$L$123,37),'ENTRADA DATOS'!$L$4:$L$123,0)),"") | D40: =IFERROR(INDEX('ENTRADA DATOS'!$D$4:$D$123,MATCH(LARGE('ENTRADA DATOS'!$L$4:$L$123,37),'ENTRADA DATOS'!$L$4:$L$123,0)),"") | E40: =IFERROR(INDEX('ENTRADA DATOS'!$E$4:$E$123,MATCH(LARGE('ENTRADA DATOS'!$L$4:$L$123,37),'ENTRADA DATOS'!$L$4:$L$123,0)),"") | F40: =IFERROR(INDEX('ENTRADA DATOS'!$F$4:$F$123,MATCH(LARGE('ENTRADA DATOS'!$L$4:$L$123,37),'ENTRADA DATOS'!$L$4:$L$123,0)),"") | G40: =IFERROR(INDEX('ENTRADA DATOS'!$G$4:$G$123,MATCH(LARGE('ENTRADA DATOS'!$L$4:$L$123,37),'ENTRADA DATOS'!$L$4:$L$123,0)),"") | H40: =IFERROR(INDEX('ENTRADA DATOS'!$H$4:$H$123,MATCH(LARGE('ENTRADA DATOS'!$L$4:$L$123,37),'ENTRADA DATOS'!$L$4:$L$123,0)),"") | I40: =IFERROR(INDEX('ENTRADA DATOS'!$I$4:$I$123,MATCH(LARGE('ENTRADA DATOS'!$L$4:$L$123,37),'ENTRADA DATOS'!$L$4:$L$123,0)),"") | J40: =IFERROR(INDEX('ENTRADA DATOS'!$J$4:$J$123,MATCH(LARGE('ENTRADA DATOS'!$L$4:$L$123,37),'ENTRADA DATOS'!$L$4:$L$123,0)),"") | K40: =IFERROR(INDEX('ENTRADA DATOS'!$K$4:$K$123,MATCH(LARGE('ENTRADA DATOS'!$L$4:$L$123,37),'ENTRADA DATOS'!$L$4:$L$123,0)),"")
A41: =IF(I41="","",38) | B41: =IFERROR(INDEX('ENTRADA DATOS'!$B$4:$B$123,MATCH(LARGE('ENTRADA DATOS'!$L$4:$L$123,38),'ENTRADA DATOS'!$L$4:$L$123,0)),"") | C41: =IFERROR(INDEX('ENTRADA DATOS'!$C$4:$C$123,MATCH(LARGE('ENTRADA DATOS'!$L$4:$L$123,38),'ENTRADA DATOS'!$L$4:$L$123,0)),"") | D41: =IFERROR(INDEX('ENTRADA DATOS'!$D$4:$D$123,MATCH(LARGE('ENTRADA DATOS'!$L$4:$L$123,38),'ENTRADA DATOS'!$L$4:$L$123,0)),"") | E41: =IFERROR(INDEX('ENTRADA DATOS'!$E$4:$E$123,MATCH(LARGE('ENTRADA DATOS'!$L$4:$L$123,38),'ENTRADA DATOS'!$L$4:$L$123,0)),"") | F41: =IFERROR(INDEX('ENTRADA DATOS'!$F$4:$F$123,MATCH(LARGE('ENTRADA DATOS'!$L$4:$L$123,38),'ENTRADA DATOS'!$L$4:$L$123,0)),"") | G41: =IFERROR(INDEX('ENTRADA DATOS'!$G$4:$G$123,MATCH(LARGE('ENTRADA DATOS'!$L$4:$L$123,38),'ENTRADA DATOS'!$L$4:$L$123,0)),"") | H41: =IFERROR(INDEX('ENTRADA DATOS'!$H$4:$H$123,MATCH(LARGE('ENTRADA DATOS'!$L$4:$L$123,38),'ENTRADA DATOS'!$L$4:$L$123,0)),"") | I41: =IFERROR(INDEX('ENTRADA DATOS'!$I$4:$I$123,MATCH(LARGE('ENTRADA DATOS'!$L$4:$L$123,38),'ENTRADA DATOS'!$L$4:$L$123,0)),"") | J41: =IFERROR(INDEX('ENTRADA DATOS'!$J$4:$J$123,MATCH(LARGE('ENTRADA DATOS'!$L$4:$L$123,38),'ENTRADA DATOS'!$L$4:$L$123,0)),"") | K41: =IFERROR(INDEX('ENTRADA DATOS'!$K$4:$K$123,MATCH(LARGE('ENTRADA DATOS'!$L$4:$L$123,38),'ENTRADA DATOS'!$L$4:$L$123,0)),"")
A42: =IF(I42="","",39) | B42: =IFERROR(INDEX('ENTRADA DATOS'!$B$4:$B$123,MATCH(LARGE('ENTRADA DATOS'!$L$4:$L$123,39),'ENTRADA DATOS'!$L$4:$L$123,0)),"") | C42: =IFERROR(INDEX('ENTRADA DATOS'!$C$4:$C$123,MATCH(LARGE('ENTRADA DATOS'!$L$4:$L$123,39),'ENTRADA DATOS'!$L$4:$L$123,0)),"") | D42: =IFERROR(INDEX('ENTRADA DATOS'!$D$4:$D$123,MATCH(LARGE('ENTRADA DATOS'!$L$4:$L$123,39),'ENTRADA DATOS'!$L$4:$L$123,0)),"") | E42: =IFERROR(INDEX('ENTRADA DATOS'!$E$4:$E$123,MATCH(LARGE('ENTRADA DATOS'!$L$4:$L$123,39),'ENTRADA DATOS'!$L$4:$L$123,0)),"") | F42: =IFERROR(INDEX('ENTRADA DATOS'!$F$4:$F$123,MATCH(LARGE('ENTRADA DATOS'!$L$4:$L$123,39),'ENTRADA DATOS'!$L$4:$L$123,0)),"") | G42: =IFERROR(INDEX('ENTRADA DATOS'!$G$4:$G$123,MATCH(LARGE('ENTRADA DATOS'!$L$4:$L$123,39),'ENTRADA DATOS'!$L$4:$L$123,0)),"") | H42: =IFERROR(INDEX('ENTRADA DATOS'!$H$4:$H$123,MATCH(LARGE('ENTRADA DATOS'!$L$4:$L$123,39),'ENTRADA DATOS'!$L$4:$L$123,0)),"") | I42: =IFERROR(INDEX('ENTRADA DATOS'!$I$4:$I$123,MATCH(LARGE('ENTRADA DATOS'!$L$4:$L$123,39),'ENTRADA DATOS'!$L$4:$L$123,0)),"") | J42: =IFERROR(INDEX('ENTRADA DATOS'!$J$4:$J$123,MATCH(LARGE('ENTRADA DATOS'!$L$4:$L$123,39),'ENTRADA DATOS'!$L$4:$L$123,0)),"") | K42: =IFERROR(INDEX('ENTRADA DATOS'!$K$4:$K$123,MATCH(LARGE('ENTRADA DATOS'!$L$4:$L$123,39),'ENTRADA DATOS'!$L$4:$L$123,0)),"")
A43: =IF(I43="","",40) | B43: =IFERROR(INDEX('ENTRADA DATOS'!$B$4:$B$123,MATCH(LARGE('ENTRADA DATOS'!$L$4:$L$123,40),'ENTRADA DATOS'!$L$4:$L$123,0)),"") | C43: =IFERROR(INDEX('ENTRADA DATOS'!$C$4:$C$123,MATCH(LARGE('ENTRADA DATOS'!$L$4:$L$123,40),'ENTRADA DATOS'!$L$4:$L$123,0)),"") | D43: =IFERROR(INDEX('ENTRADA DATOS'!$D$4:$D$123,MATCH(LARGE('ENTRADA DATOS'!$L$4:$L$123,40),'ENTRADA DATOS'!$L$4:$L$123,0)),"") | E43: =IFERROR(INDEX('ENTRADA DATOS'!$E$4:$E$123,MATCH(LARGE('ENTRADA DATOS'!$L$4:$L$123,40),'ENTRADA DATOS'!$L$4:$L$123,0)),"") | F43: =IFERROR(INDEX('ENTRADA DATOS'!$F$4:$F$123,MATCH(LARGE('ENTRADA DATOS'!$L$4:$L$123,40),'ENTRADA DATOS'!$L$4:$L$123,0)),"") | G43: =IFERROR(INDEX('ENTRADA DATOS'!$G$4:$G$123,MATCH(LARGE('ENTRADA DATOS'!$L$4:$L$123,40),'ENTRADA DATOS'!$L$4:$L$123,0)),"") | H43: =IFERROR(INDEX('ENTRADA DATOS'!$H$4:$H$123,MATCH(LARGE('ENTRADA DATOS'!$L$4:$L$123,40),'ENTRADA DATOS'!$L$4:$L$123,0)),"") | I43: =IFERROR(INDEX('ENTRADA DATOS'!$I$4:$I$123,MATCH(LARGE('ENTRADA DATOS'!$L$4:$L$123,40),'ENTRADA DATOS'!$L$4:$L$123,0)),"") | J43: =IFERROR(INDEX('ENTRADA DATOS'!$J$4:$J$123,MATCH(LARGE('ENTRADA DATOS'!$L$4:$L$123,40),'ENTRADA DATOS'!$L$4:$L$123,0)),"") | K43: =IFERROR(INDEX('ENTRADA DATOS'!$K$4:$K$123,MATCH(LARGE('ENTRADA DATOS'!$L$4:$L$123,40),'ENTRADA DATOS'!$L$4:$L$123,0)),"")
A44: =IF(I44="","",41) | B44: =IFERROR(INDEX('ENTRADA DATOS'!$B$4:$B$123,MATCH(LARGE('ENTRADA DATOS'!$L$4:$L$123,41),'ENTRADA DATOS'!$L$4:$L$123,0)),"") | C44: =IFERROR(INDEX('ENTRADA DATOS'!$C$4:$C$123,MATCH(LARGE('ENTRADA DATOS'!$L$4:$L$123,41),'ENTRADA DATOS'!$L$4:$L$123,0)),"") | D44: =IFERROR(INDEX('ENTRADA DATOS'!$D$4:$D$123,MATCH(LARGE('ENTRADA DATOS'!$L$4:$L$123,41),'ENTRADA DATOS'!$L$4:$L$123,0)),"") | E44: =IFERROR(INDEX('ENTRADA DATOS'!$E$4:$E$123,MATCH(LARGE('ENTRADA DATOS'!$L$4:$L$123,41),'ENTRADA DATOS'!$L$4:$L$123,0)),"") | F44: =IFERROR(INDEX('ENTRADA DATOS'!$F$4:$F$123,MATCH(LARGE('ENTRADA DATOS'!$L$4:$L$123,41),'ENTRADA DATOS'!$L$4:$L$123,0)),"") | G44: =IFERROR(INDEX('ENTRADA DATOS'!$G$4:$G$123,MATCH(LARGE('ENTRADA DATOS'!$L$4:$L$123,41),'ENTRADA DATOS'!$L$4:$L$123,0)),"") | H44: =IFERROR(INDEX('ENTRADA DATOS'!$H$4:$H$123,MATCH(LARGE('ENTRADA DATOS'!$L$4:$L$123,41),'ENTRADA DATOS'!$L$4:$L$123,0)),"") | I44: =IFERROR(INDEX('ENTRADA DATOS'!$I$4:$I$123,MATCH(LARGE('ENTRADA DATOS'!$L$4:$L$123,41),'ENTRADA DATOS'!$L$4:$L$123,0)),"") | J44: =IFERROR(INDEX('ENTRADA DATOS'!$J$4:$J$123,MATCH(LARGE('ENTRADA DATOS'!$L$4:$L$123,41),'ENTRADA DATOS'!$L$4:$L$123,0)),"") | K44: =IFERROR(INDEX('ENTRADA DATOS'!$K$4:$K$123,MATCH(LARGE('ENTRADA DATOS'!$L$4:$L$123,41),'ENTRADA DATOS'!$L$4:$L$123,0)),"")
A45: =IF(I45="","",42) | B45: =IFERROR(INDEX('ENTRADA DATOS'!$B$4:$B$123,MATCH(LARGE('ENTRADA DATOS'!$L$4:$L$123,42),'ENTRADA DATOS'!$L$4:$L$123,0)),"") | C45: =IFERROR(INDEX('ENTRADA DATOS'!$C$4:$C$123,MATCH(LARGE('ENTRADA DATOS'!$L$4:$L$123,42),'ENTRADA DATOS'!$L$4:$L$123,0)),"") | D45: =IFERROR(INDEX('ENTRADA DATOS'!$D$4:$D$123,MATCH(LARGE('ENTRADA DATOS'!$L$4:$L$123,42),'ENTRADA DATOS'!$L$4:$L$123,0)),"") | E45: =IFERROR(INDEX('ENTRADA DATOS'!$E$4:$E$123,MATCH(LARGE('ENTRADA DATOS'!$L$4:$L$123,42),'ENTRADA DATOS'!$L$4:$L$123,0)),"") | F45: =IFERROR(INDEX('ENTRADA DATOS'!$F$4:$F$123,MATCH(LARGE('ENTRADA DATOS'!$L$4:$L$123,42),'ENTRADA DATOS'!$L$4:$L$123,0)),"") | G45: =IFERROR(INDEX('ENTRADA DATOS'!$G$4:$G$123,MATCH(LARGE('ENTRADA DATOS'!$L$4:$L$123,42),'ENTRADA DATOS'!$L$4:$L$123,0)),"") | H45: =IFERROR(INDEX('ENTRADA DATOS'!$H$4:$H$123,MATCH(LARGE('ENTRADA DATOS'!$L$4:$L$123,42),'ENTRADA DATOS'!$L$4:$L$123,0)),"") | I45: =IFERROR(INDEX('ENTRADA DATOS'!$I$4:$I$123,MATCH(LARGE('ENTRADA DATOS'!$L$4:$L$123,42),'ENTRADA DATOS'!$L$4:$L$123,0)),"") | J45: =IFERROR(INDEX('ENTRADA DATOS'!$J$4:$J$123,MATCH(LARGE('ENTRADA DATOS'!$L$4:$L$123,42),'ENTRADA DATOS'!$L$4:$L$123,0)),"") | K45: =IFERROR(INDEX('ENTRADA DATOS'!$K$4:$K$123,MATCH(LARGE('ENTRADA DATOS'!$L$4:$L$123,42),'ENTRADA DATOS'!$L$4:$L$123,0)),"")
A46: =IF(I46="","",43) | B46: =IFERROR(INDEX('ENTRADA DATOS'!$B$4:$B$123,MATCH(LARGE('ENTRADA DATOS'!$L$4:$L$123,43),'ENTRADA DATOS'!$L$4:$L$123,0)),"") | C46: =IFERROR(INDEX('ENTRADA DATOS'!$C$4:$C$123,MATCH(LARGE('ENTRADA DATOS'!$L$4:$L$123,43),'ENTRADA DATOS'!$L$4:$L$123,0)),"") | D46: =IFERROR(INDEX('ENTRADA DATOS'!$D$4:$D$123,MATCH(LARGE('ENTRADA DATOS'!$L$4:$L$123,43),'ENTRADA DATOS'!$L$4:$L$123,0)),"") | E46: =IFERROR(INDEX('ENTRADA DATOS'!$E$4:$E$123,MATCH(LARGE('ENTRADA DATOS'!$L$4:$L$123,43),'ENTRADA DATOS'!$L$4:$L$123,0)),"") | F46: =IFERROR(INDEX('ENTRADA DATOS'!$F$4:$F$123,MATCH(LARGE('ENTRADA DATOS'!$L$4:$L$123,43),'ENTRADA DATOS'!$L$4:$L$123,0)),"") | G46: =IFERROR(INDEX('ENTRADA DATOS'!$G$4:$G$123,MATCH(LARGE('ENTRADA DATOS'!$L$4:$L$123,43),'ENTRADA DATOS'!$L$4:$L$123,0)),"") | H46: =IFERROR(INDEX('ENTRADA DATOS'!$H$4:$H$123,MATCH(LARGE('ENTRADA DATOS'!$L$4:$L$123,43),'ENTRADA DATOS'!$L$4:$L$123,0)),"") | I46: =IFERROR(INDEX('ENTRADA DATOS'!$I$4:$I$123,MATCH(LARGE('ENTRADA DATOS'!$L$4:$L$123,43),'ENTRADA DATOS'!$L$4:$L$123,0)),"") | J46: =IFERROR(INDEX('ENTRADA DATOS'!$J$4:$J$123,MATCH(LARGE('ENTRADA DATOS'!$L$4:$L$123,43),'ENTRADA DATOS'!$L$4:$L$123,0)),"") | K46: =IFERROR(INDEX('ENTRADA DATOS'!$K$4:$K$123,MATCH(LARGE('ENTRADA DATOS'!$L$4:$L$123,43),'ENTRADA DATOS'!$L$4:$L$123,0)),"")
A47: =IF(I47="","",44) | B47: =IFERROR(INDEX('ENTRADA DATOS'!$B$4:$B$123,MATCH(LARGE('ENTRADA DATOS'!$L$4:$L$123,44),'ENTRADA DATOS'!$L$4:$L$123,0)),"") | C47: =IFERROR(INDEX('ENTRADA DATOS'!$C$4:$C$123,MATCH(LARGE('ENTRADA DATOS'!$L$4:$L$123,44),'ENTRADA DATOS'!$L$4:$L$123,0)),"") | D47: =IFERROR(INDEX('ENTRADA DATOS'!$D$4:$D$123,MATCH(LARGE('ENTRADA DATOS'!$L$4:$L$123,44),'ENTRADA DATOS'!$L$4:$L$123,0)),"") | E47: =IFERROR(INDEX('ENTRADA DATOS'!$E$4:$E$123,MATCH(LARGE('ENTRADA DATOS'!$L$4:$L$123,44),'ENTRADA DATOS'!$L$4:$L$123,0)),"") | F47: =IFERROR(INDEX('ENTRADA DATOS'!$F$4:$F$123,MATCH(LARGE('ENTRADA DATOS'!$L$4:$L$123,44),'ENTRADA DATOS'!$L$4:$L$123,0)),"") | G47: =IFERROR(INDEX('ENTRADA DATOS'!$G$4:$G$123,MATCH(LARGE('ENTRADA DATOS'!$L$4:$L$123,44),'ENTRADA DATOS'!$L$4:$L$123,0)),"") | H47: =IFERROR(INDEX('ENTRADA DATOS'!$H$4:$H$123,MATCH(LARGE('ENTRADA DATOS'!$L$4:$L$123,44),'ENTRADA DATOS'!$L$4:$L$123,0)),"") | I47: =IFERROR(INDEX('ENTRADA DATOS'!$I$4:$I$123,MATCH(LARGE('ENTRADA DATOS'!$L$4:$L$123,44),'ENTRADA DATOS'!$L$4:$L$123,0)),"") | J47: =IFERROR(INDEX('ENTRADA DATOS'!$J$4:$J$123,MATCH(LARGE('ENTRADA DATOS'!$L$4:$L$123,44),'ENTRADA DATOS'!$L$4:$L$123,0)),"") | K47: =IFERROR(INDEX('ENTRADA DATOS'!$K$4:$K$123,MATCH(LARGE('ENTRADA DATOS'!$L$4:$L$123,44),'ENTRADA DATOS'!$L$4:$L$123,0)),"")
A48: =IF(I48="","",45) | B48: =IFERROR(INDEX('ENTRADA DATOS'!$B$4:$B$123,MATCH(LARGE('ENTRADA DATOS'!$L$4:$L$123,45),'ENTRADA DATOS'!$L$4:$L$123,0)),"") | C48: =IFERROR(INDEX('ENTRADA DATOS'!$C$4:$C$123,MATCH(LARGE('ENTRADA DATOS'!$L$4:$L$123,45),'ENTRADA DATOS'!$L$4:$L$123,0)),"") | D48: =IFERROR(INDEX('ENTRADA DATOS'!$D$4:$D$123,MATCH(LARGE('ENTRADA DATOS'!$L$4:$L$123,45),'ENTRADA DATOS'!$L$4:$L$123,0)),"") | E48: =IFERROR(INDEX('ENTRADA DATOS'!$E$4:$E$123,MATCH(LARGE('ENTRADA DATOS'!$L$4:$L$123,45),'ENTRADA DATOS'!$L$4:$L$123,0)),"") | F48: =IFERROR(INDEX('ENTRADA DATOS'!$F$4:$F$123,MATCH(LARGE('ENTRADA DATOS'!$L$4:$L$123,45),'ENTRADA DATOS'!$L$4:$L$123,0)),"") | G48: =IFERROR(INDEX('ENTRADA DATOS'!$G$4:$G$123,MATCH(LARGE('ENTRADA DATOS'!$L$4:$L$123,45),'ENTRADA DATOS'!$L$4:$L$123,0)),"") | H48: =IFERROR(INDEX('ENTRADA DATOS'!$H$4:$H$123,MATCH(LARGE('ENTRADA DATOS'!$L$4:$L$123,45),'ENTRADA DATOS'!$L$4:$L$123,0)),"") | I48: =IFERROR(INDEX('ENTRADA DATOS'!$I$4:$I$123,MATCH(LARGE('ENTRADA DATOS'!$L$4:$L$123,45),'ENTRADA DATOS'!$L$4:$L$123,0)),"") | J48: =IFERROR(INDEX('ENTRADA DATOS'!$J$4:$J$123,MATCH(LARGE('ENTRADA DATOS'!$L$4:$L$123,45),'ENTRADA DATOS'!$L$4:$L$123,0)),"") | K48: =IFERROR(INDEX('ENTRADA DATOS'!$K$4:$K$123,MATCH(LARGE('ENTRADA DATOS'!$L$4:$L$123,45),'ENTRADA DATOS'!$L$4:$L$123,0)),"")
A49: =IF(I49="","",46) | B49: =IFERROR(INDEX('ENTRADA DATOS'!$B$4:$B$123,MATCH(LARGE('ENTRADA DATOS'!$L$4:$L$123,46),'ENTRADA DATOS'!$L$4:$L$123,0)),"") | C49: =IFERROR(INDEX('ENTRADA DATOS'!$C$4:$C$123,MATCH(LARGE('ENTRADA DATOS'!$L$4:$L$123,46),'ENTRADA DATOS'!$L$4:$L$123,0)),"") | D49: =IFERROR(INDEX('ENTRADA DATOS'!$D$4:$D$123,MATCH(LARGE('ENTRADA DATOS'!$L$4:$L$123,46),'ENTRADA DATOS'!$L$4:$L$123,0)),"") | E49: =IFERROR(INDEX('ENTRADA DATOS'!$E$4:$E$123,MATCH(LARGE('ENTRADA DATOS'!$L$4:$L$123,46),'ENTRADA DATOS'!$L$4:$L$123,0)),"") | F49: =IFERROR(INDEX('ENTRADA DATOS'!$F$4:$F$123,MATCH(LARGE('ENTRADA DATOS'!$L$4:$L$123,46),'ENTRADA DATOS'!$L$4:$L$123,0)),"") | G49: =IFERROR(INDEX('ENTRADA DATOS'!$G$4:$G$123,MATCH(LARGE('ENTRADA DATOS'!$L$4:$L$123,46),'ENTRADA DATOS'!$L$4:$L$123,0)),"") | H49: =IFERROR(INDEX('ENTRADA DATOS'!$H$4:$H$123,MATCH(LARGE('ENTRADA DATOS'!$L$4:$L$123,46),'ENTRADA DATOS'!$L$4:$L$123,0)),"") | I49: =IFERROR(INDEX('ENTRADA DATOS'!$I$4:$I$123,MATCH(LARGE('ENTRADA DATOS'!$L$4:$L$123,46),'ENTRADA DATOS'!$L$4:$L$123,0)),"") | J49: =IFERROR(INDEX('ENTRADA DATOS'!$J$4:$J$123,MATCH(LARGE('ENTRADA DATOS'!$L$4:$L$123,46),'ENTRADA DATOS'!$L$4:$L$123,0)),"") | K49: =IFERROR(INDEX('ENTRADA DATOS'!$K$4:$K$123,MATCH(LARGE('ENTRADA DATOS'!$L$4:$L$123,46),'ENTRADA DATOS'!$L$4:$L$123,0)),"")
A50: =IF(I50="","",47) | B50: =IFERROR(INDEX('ENTRADA DATOS'!$B$4:$B$123,MATCH(LARGE('ENTRADA DATOS'!$L$4:$L$123,47),'ENTRADA DATOS'!$L$4:$L$123,0)),"") | C50: =IFERROR(INDEX('ENTRADA DATOS'!$C$4:$C$123,MATCH(LARGE('ENTRADA DATOS'!$L$4:$L$123,47),'ENTRADA DATOS'!$L$4:$L$123,0)),"") | D50: =IFERROR(INDEX('ENTRADA DATOS'!$D$4:$D$123,MATCH(LARGE('ENTRADA DATOS'!$L$4:$L$123,47),'ENTRADA DATOS'!$L$4:$L$123,0)),"") | E50: =IFERROR(INDEX('ENTRADA DATOS'!$E$4:$E$123,MATCH(LARGE('ENTRADA DATOS'!$L$4:$L$123,47),'ENTRADA DATOS'!$L$4:$L$123,0)),"") | F50: =IFERROR(INDEX('ENTRADA DATOS'!$F$4:$F$123,MATCH(LARGE('ENTRADA DATOS'!$L$4:$L$123,47),'ENTRADA DATOS'!$L$4:$L$123,0)),"") | G50: =IFERROR(INDEX('ENTRADA DATOS'!$G$4:$G$123,MATCH(LARGE('ENTRADA DATOS'!$L$4:$L$123,47),'ENTRADA DATOS'!$L$4:$L$123,0)),"") | H50: =IFERROR(INDEX('ENTRADA DATOS'!$H$4:$H$123,MATCH(LARGE('ENTRADA DATOS'!$L$4:$L$123,47),'ENTRADA DATOS'!$L$4:$L$123,0)),"") | I50: =IFERROR(INDEX('ENTRADA DATOS'!$I$4:$I$123,MATCH(LARGE('ENTRADA DATOS'!$L$4:$L$123,47),'ENTRADA DATOS'!$L$4:$L$123,0)),"") | J50: =IFERROR(INDEX('ENTRADA DATOS'!$J$4:$J$123,MATCH(LARGE('ENTRADA DATOS'!$L$4:$L$123,47),'ENTRADA DATOS'!$L$4:$L$123,0)),"") | K50: =IFERROR(INDEX('ENTRADA DATOS'!$K$4:$K$123,MATCH(LARGE('ENTRADA DATOS'!$L$4:$L$123,47),'ENTRADA DATOS'!$L$4:$L$123,0)),"")
A51: =IF(I51="","",48) | B51: =IFERROR(INDEX('ENTRADA DATOS'!$B$4:$B$123,MATCH(LARGE('ENTRADA DATOS'!$L$4:$L$123,48),'ENTRADA DATOS'!$L$4:$L$123,0)),"") | C51: =IFERROR(INDEX('ENTRADA DATOS'!$C$4:$C$123,MATCH(LARGE('ENTRADA DATOS'!$L$4:$L$123,48),'ENTRADA DATOS'!$L$4:$L$123,0)),"") | D51: =IFERROR(INDEX('ENTRADA DATOS'!$D$4:$D$123,MATCH(LARGE('ENTRADA DATOS'!$L$4:$L$123,48),'ENTRADA DATOS'!$L$4:$L$123,0)),"") | E51: =IFERROR(INDEX('ENTRADA DATOS'!$E$4:$E$123,MATCH(LARGE('ENTRADA DATOS'!$L$4:$L$123,48),'ENTRADA DATOS'!$L$4:$L$123,0)),"") | F51: =IFERROR(INDEX('ENTRADA DATOS'!$F$4:$F$123,MATCH(LARGE('ENTRADA DATOS'!$L$4:$L$123,48),'ENTRADA DATOS'!$L$4:$L$123,0)),"") | G51: =IFERROR(INDEX('ENTRADA DATOS'!$G$4:$G$123,MATCH(LARGE('ENTRADA DATOS'!$L$4:$L$123,48),'ENTRADA DATOS'!$L$4:$L$123,0)),"") | H51: =IFERROR(INDEX('ENTRADA DATOS'!$H$4:$H$123,MATCH(LARGE('ENTRADA DATOS'!$L$4:$L$123,48),'ENTRADA DATOS'!$L$4:$L$123,0)),"") | I51: =IFERROR(INDEX('ENTRADA DATOS'!$I$4:$I$123,MATCH(LARGE('ENTRADA DATOS'!$L$4:$L$123,48),'ENTRADA DATOS'!$L$4:$L$123,0)),"") | J51: =IFERROR(INDEX('ENTRADA DATOS'!$J$4:$J$123,MATCH(LARGE('ENTRADA DATOS'!$L$4:$L$123,48),'ENTRADA DATOS'!$L$4:$L$123,0)),"") | K51: =IFERROR(INDEX('ENTRADA DATOS'!$K$4:$K$123,MATCH(LARGE('ENTRADA DATOS'!$L$4:$L$123,48),'ENTRADA DATOS'!$L$4:$L$123,0)),"")
A52: =IF(I52="","",49) | B52: =IFERROR(INDEX('ENTRADA DATOS'!$B$4:$B$123,MATCH(LARGE('ENTRADA DATOS'!$L$4:$L$123,49),'ENTRADA DATOS'!$L$4:$L$123,0)),"") | C52: =IFERROR(INDEX('ENTRADA DATOS'!$C$4:$C$123,MATCH(LARGE('ENTRADA DATOS'!$L$4:$L$123,49),'ENTRADA DATOS'!$L$4:$L$123,0)),"") | D52: =IFERROR(INDEX('ENTRADA DATOS'!$D$4:$D$123,MATCH(LARGE('ENTRADA DATOS'!$L$4:$L$123,49),'ENTRADA DATOS'!$L$4:$L$123,0)),"") | E52: =IFERROR(INDEX('ENTRADA DATOS'!$E$4:$E$123,MATCH(LARGE('ENTRADA DATOS'!$L$4:$L$123,49),'ENTRADA DATOS'!$L$4:$L$123,0)),"") | F52: =IFERROR(INDEX('ENTRADA DATOS'!$F$4:$F$123,MATCH(LARGE('ENTRADA DATOS'!$L$4:$L$123,49),'ENTRADA DATOS'!$L$4:$L$123,0)),"") | G52: =IFERROR(INDEX('ENTRADA DATOS'!$G$4:$G$123,MATCH(LARGE('ENTRADA DATOS'!$L$4:$L$123,49),'ENTRADA DATOS'!$L$4:$L$123,0)),"") | H52: =IFERROR(INDEX('ENTRADA DATOS'!$H$4:$H$123,MATCH(LARGE('ENTRADA DATOS'!$L$4:$L$123,49),'ENTRADA DATOS'!$L$4:$L$123,0)),"") | I52: =IFERROR(INDEX('ENTRADA DATOS'!$I$4:$I$123,MATCH(LARGE('ENTRADA DATOS'!$L$4:$L$123,49),'ENTRADA DATOS'!$L$4:$L$123,0)),"") | J52: =IFERROR(INDEX('ENTRADA DATOS'!$J$4:$J$123,MATCH(LARGE('ENTRADA DATOS'!$L$4:$L$123,49),'ENTRADA DATOS'!$L$4:$L$123,0)),"") | K52: =IFERROR(INDEX('ENTRADA DATOS'!$K$4:$K$123,MATCH(LARGE('ENTRADA DATOS'!$L$4:$L$123,49),'ENTRADA DATOS'!$L$4:$L$123,0)),"")
A53: =IF(I53="","",50) | B53: =IFERROR(INDEX('ENTRADA DATOS'!$B$4:$B$123,MATCH(LARGE('ENTRADA DATOS'!$L$4:$L$123,50),'ENTRADA DATOS'!$L$4:$L$123,0)),"") | C53: =IFERROR(INDEX('ENTRADA DATOS'!$C$4:$C$123,MATCH(LARGE('ENTRADA DATOS'!$L$4:$L$123,50),'ENTRADA DATOS'!$L$4:$L$123,0)),"") | D53: =IFERROR(INDEX('ENTRADA DATOS'!$D$4:$D$123,MATCH(LARGE('ENTRADA DATOS'!$L$4:$L$123,50),'ENTRADA DATOS'!$L$4:$L$123,0)),"") | E53: =IFERROR(INDEX('ENTRADA DATOS'!$E$4:$E$123,MATCH(LARGE('ENTRADA DATOS'!$L$4:$L$123,50),'ENTRADA DATOS'!$L$4:$L$123,0)),"") | F53: =IFERROR(INDEX('ENTRADA DATOS'!$F$4:$F$123,MATCH(LARGE('ENTRADA DATOS'!$L$4:$L$123,50),'ENTRADA DATOS'!$L$4:$L$123,0)),"") | G53: =IFERROR(INDEX('ENTRADA DATOS'!$G$4:$G$123,MATCH(LARGE('ENTRADA DATOS'!$L$4:$L$123,50),'ENTRADA DATOS'!$L$4:$L$123,0)),"") | H53: =IFERROR(INDEX('ENTRADA DATOS'!$H$4:$H$123,MATCH(LARGE('ENTRADA DATOS'!$L$4:$L$123,50),'ENTRADA DATOS'!$L$4:$L$123,0)),"") | I53: =IFERROR(INDEX('ENTRADA DATOS'!$I$4:$I$123,MATCH(LARGE('ENTRADA DATOS'!$L$4:$L$123,50),'ENTRADA DATOS'!$L$4:$L$123,0)),"") | J53: =IFERROR(INDEX('ENTRADA DATOS'!$J$4:$J$123,MATCH(LARGE('ENTRADA DATOS'!$L$4:$L$123,50),'ENTRADA DATOS'!$L$4:$L$123,0)),"") | K53: =IFERROR(INDEX('ENTRADA DATOS'!$K$4:$K$123,MATCH(LARGE('ENTRADA DATOS'!$L$4:$L$123,50),'ENTRADA DATOS'!$L$4:$L$123,0)),"")
A54: =IF(I54="","",51) | B54: =IFERROR(INDEX('ENTRADA DATOS'!$B$4:$B$123,MATCH(LARGE('ENTRADA DATOS'!$L$4:$L$123,51),'ENTRADA DATOS'!$L$4:$L$123,0)),"") | C54: =IFERROR(INDEX('ENTRADA DATOS'!$C$4:$C$123,MATCH(LARGE('ENTRADA DATOS'!$L$4:$L$123,51),'ENTRADA DATOS'!$L$4:$L$123,0)),"") | D54: =IFERROR(INDEX('ENTRADA DATOS'!$D$4:$D$123,MATCH(LARGE('ENTRADA DATOS'!$L$4:$L$123,51),'ENTRADA DATOS'!$L$4:$L$123,0)),"") | E54: =IFERROR(INDEX('ENTRADA DATOS'!$E$4:$E$123,MATCH(LARGE('ENTRADA DATOS'!$L$4:$L$123,51),'ENTRADA DATOS'!$L$4:$L$123,0)),"") | F54: =IFERROR(INDEX('ENTRADA DATOS'!$F$4:$F$123,MATCH(LARGE('ENTRADA DATOS'!$L$4:$L$123,51),'ENTRADA DATOS'!$L$4:$L$123,0)),"") | G54: =IFERROR(INDEX('ENTRADA DATOS'!$G$4:$G$123,MATCH(LARGE('ENTRADA DATOS'!$L$4:$L$123,51),'ENTRADA DATOS'!$L$4:$L$123,0)),"") | H54: =IFERROR(INDEX('ENTRADA DATOS'!$H$4:$H$123,MATCH(LARGE('ENTRADA DATOS'!$L$4:$L$123,51),'ENTRADA DATOS'!$L$4:$L$123,0)),"") | I54: =IFERROR(INDEX('ENTRADA DATOS'!$I$4:$I$123,MATCH(LARGE('ENTRADA DATOS'!$L$4:$L$123,51),'ENTRADA DATOS'!$L$4:$L$123,0)),"") | J54: =IFERROR(INDEX('ENTRADA DATOS'!$J$4:$J$123,MATCH(LARGE('ENTRADA DATOS'!$L$4:$L$123,51),'ENTRADA DATOS'!$L$4:$L$123,0)),"") | K54: =IFERROR(INDEX('ENTRADA DATOS'!$K$4:$K$123,MATCH(LARGE('ENTRADA DATOS'!$L$4:$L$123,51),'ENTRADA DATOS'!$L$4:$L$123,0)),"")
A55: =IF(I55="","",52) | B55: =IFERROR(INDEX('ENTRADA DATOS'!$B$4:$B$123,MATCH(LARGE('ENTRADA DATOS'!$L$4:$L$123,52),'ENTRADA DATOS'!$L$4:$L$123,0)),"") | C55: =IFERROR(INDEX('ENTRADA DATOS'!$C$4:$C$123,MATCH(LARGE('ENTRADA DATOS'!$L$4:$L$123,52),'ENTRADA DATOS'!$L$4:$L$123,0)),"") | D55: =IFERROR(INDEX('ENTRADA DATOS'!$D$4:$D$123,MATCH(LARGE('ENTRADA DATOS'!$L$4:$L$123,52),'ENTRADA DATOS'!$L$4:$L$123,0)),"") | E55: =IFERROR(INDEX('ENTRADA DATOS'!$E$4:$E$123,MATCH(LARGE('ENTRADA DATOS'!$L$4:$L$123,52),'ENTRADA DATOS'!$L$4:$L$123,0)),"") | F55: =IFERROR(INDEX('ENTRADA DATOS'!$F$4:$F$123,MATCH(LARGE('ENTRADA DATOS'!$L$4:$L$123,52),'ENTRADA DATOS'!$L$4:$L$123,0)),"") | G55: =IFERROR(INDEX('ENTRADA DATOS'!$G$4:$G$123,MATCH(LARGE('ENTRADA DATOS'!$L$4:$L$123,52),'ENTRADA DATOS'!$L$4:$L$123,0)),"") | H55: =IFERROR(INDEX('ENTRADA DATOS'!$H$4:$H$123,MATCH(LARGE('ENTRADA DATOS'!$L$4:$L$123,52),'ENTRADA DATOS'!$L$4:$L$123,0)),"") | I55: =IFERROR(INDEX('ENTRADA DATOS'!$I$4:$I$123,MATCH(LARGE('ENTRADA DATOS'!$L$4:$L$123,52),'ENTRADA DATOS'!$L$4:$L$123,0)),"") | J55: =IFERROR(INDEX('ENTRADA DATOS'!$J$4:$J$123,MATCH(LARGE('ENTRADA DATOS'!$L$4:$L$123,52),'ENTRADA DATOS'!$L$4:$L$123,0)),"") | K55: =IFERROR(INDEX('ENTRADA DATOS'!$K$4:$K$123,MATCH(LARGE('ENTRADA DATOS'!$L$4:$L$123,52),'ENTRADA DATOS'!$L$4:$L$123,0)),"")
A56: =IF(I56="","",53) | B56: =IFERROR(INDEX('ENTRADA DATOS'!$B$4:$B$123,MATCH(LARGE('ENTRADA DATOS'!$L$4:$L$123,53),'ENTRADA DATOS'!$L$4:$L$123,0)),"") | C56: =IFERROR(INDEX('ENTRADA DATOS'!$C$4:$C$123,MATCH(LARGE('ENTRADA DATOS'!$L$4:$L$123,53),'ENTRADA DATOS'!$L$4:$L$123,0)),"") | D56: =IFERROR(INDEX('ENTRADA DATOS'!$D$4:$D$123,MATCH(LARGE('ENTRADA DATOS'!$L$4:$L$123,53),'ENTRADA DATOS'!$L$4:$L$123,0)),"") | E56: =IFERROR(INDEX('ENTRADA DATOS'!$E$4:$E$123,MATCH(LARGE('ENTRADA DATOS'!$L$4:$L$123,53),'ENTRADA DATOS'!$L$4:$L$123,0)),"") | F56: =IFERROR(INDEX('ENTRADA DATOS'!$F$4:$F$123,MATCH(LARGE('ENTRADA DATOS'!$L$4:$L$123,53),'ENTRADA DATOS'!$L$4:$L$123,0)),"") | G56: =IFERROR(INDEX('ENTRADA DATOS'!$G$4:$G$123,MATCH(LARGE('ENTRADA DATOS'!$L$4:$L$123,53),'ENTRADA DATOS'!$L$4:$L$123,0)),"") | H56: =IFERROR(INDEX('ENTRADA DATOS'!$H$4:$H$123,MATCH(LARGE('ENTRADA DATOS'!$L$4:$L$123,53),'ENTRADA DATOS'!$L$4:$L$123,0)),"") | I56: =IFERROR(INDEX('ENTRADA DATOS'!$I$4:$I$123,MATCH(LARGE('ENTRADA DATOS'!$L$4:$L$123,53),'ENTRADA DATOS'!$L$4:$L$123,0)),"") | J56: =IFERROR(INDEX('ENTRADA DATOS'!$J$4:$J$123,MATCH(LARGE('ENTRADA DATOS'!$L$4:$L$123,53),'ENTRADA DATOS'!$L$4:$L$123,0)),"") | K56: =IFERROR(INDEX('ENTRADA DATOS'!$K$4:$K$123,MATCH(LARGE('ENTRADA DATOS'!$L$4:$L$123,53),'ENTRADA DATOS'!$L$4:$L$123,0)),"")
A57: =IF(I57="","",54) | B57: =IFERROR(INDEX('ENTRADA DATOS'!$B$4:$B$123,MATCH(LARGE('ENTRADA DATOS'!$L$4:$L$123,54),'ENTRADA DATOS'!$L$4:$L$123,0)),"") | C57: =IFERROR(INDEX('ENTRADA DATOS'!$C$4:$C$123,MATCH(LARGE('ENTRADA DATOS'!$L$4:$L$123,54),'ENTRADA DATOS'!$L$4:$L$123,0)),"") | D57: =IFERROR(INDEX('ENTRADA DATOS'!$D$4:$D$123,MATCH(LARGE('ENTRADA DATOS'!$L$4:$L$123,54),'ENTRADA DATOS'!$L$4:$L$123,0)),"") | E57: =IFERROR(INDEX('ENTRADA DATOS'!$E$4:$E$123,MATCH(LARGE('ENTRADA DATOS'!$L$4:$L$123,54),'ENTRADA DATOS'!$L$4:$L$123,0)),"") | F57: =IFERROR(INDEX('ENTRADA DATOS'!$F$4:$F$123,MATCH(LARGE('ENTRADA DATOS'!$L$4:$L$123,54),'ENTRADA DATOS'!$L$4:$L$123,0)),"") | G57: =IFERROR(INDEX('ENTRADA DATOS'!$G$4:$G$123,MATCH(LARGE('ENTRADA DATOS'!$L$4:$L$123,54),'ENTRADA DATOS'!$L$4:$L$123,0)),"") | H57: =IFERROR(INDEX('ENTRADA DATOS'!$H$4:$H$123,MATCH(LARGE('ENTRADA DATOS'!$L$4:$L$123,54),'ENTRADA DATOS'!$L$4:$L$123,0)),"") | I57: =IFERROR(INDEX('ENTRADA DATOS'!$I$4:$I$123,MATCH(LARGE('ENTRADA DATOS'!$L$4:$L$123,54),'ENTRADA DATOS'!$L$4:$L$123,0)),"") | J57: =IFERROR(INDEX('ENTRADA DATOS'!$J$4:$J$123,MATCH(LARGE('ENTRADA DATOS'!$L$4:$L$123,54),'ENTRADA DATOS'!$L$4:$L$123,0)),"") | K57: =IFERROR(INDEX('ENTRADA DATOS'!$K$4:$K$123,MATCH(LARGE('ENTRADA DATOS'!$L$4:$L$123,54),'ENTRADA DATOS'!$L$4:$L$123,0)),"")
A58: =IF(I58="","",55) | B58: =IFERROR(INDEX('ENTRADA DATOS'!$B$4:$B$123,MATCH(LARGE('ENTRADA DATOS'!$L$4:$L$123,55),'ENTRADA DATOS'!$L$4:$L$123,0)),"") | C58: =IFERROR(INDEX('ENTRADA DATOS'!$C$4:$C$123,MATCH(LARGE('ENTRADA DATOS'!$L$4:$L$123,55),'ENTRADA DATOS'!$L$4:$L$123,0)),"") | D58: =IFERROR(INDEX('ENTRADA DATOS'!$D$4:$D$123,MATCH(LARGE('ENTRADA DATOS'!$L$4:$L$123,55),'ENTRADA DATOS'!$L$4:$L$123,0)),"") | E58: =IFERROR(INDEX('ENTRADA DATOS'!$E$4:$E$123,MATCH(LARGE('ENTRADA DATOS'!$L$4:$L$123,55),'ENTRADA DATOS'!$L$4:$L$123,0)),"") | F58: =IFERROR(INDEX('ENTRADA DATOS'!$F$4:$F$123,MATCH(LARGE('ENTRADA DATOS'!$L$4:$L$123,55),'ENTRADA DATOS'!$L$4:$L$123,0)),"") | G58: =IFERROR(INDEX('ENTRADA DATOS'!$G$4:$G$123,MATCH(LARGE('ENTRADA DATOS'!$L$4:$L$123,55),'ENTRADA DATOS'!$L$4:$L$123,0)),"") | H58: =IFERROR(INDEX('ENTRADA DATOS'!$H$4:$H$123,MATCH(LARGE('ENTRADA DATOS'!$L$4:$L$123,55),'ENTRADA DATOS'!$L$4:$L$123,0)),"") | I58: =IFERROR(INDEX('ENTRADA DATOS'!$I$4:$I$123,MATCH(LARGE('ENTRADA DATOS'!$L$4:$L$123,55),'ENTRADA DATOS'!$L$4:$L$123,0)),"") | J58: =IFERROR(INDEX('ENTRADA DATOS'!$J$4:$J$123,MATCH(LARGE('ENTRADA DATOS'!$L$4:$L$123,55),'ENTRADA DATOS'!$L$4:$L$123,0)),"") | K58: =IFERROR(INDEX('ENTRADA DATOS'!$K$4:$K$123,MATCH(LARGE('ENTRADA DATOS'!$L$4:$L$123,55),'ENTRADA DATOS'!$L$4:$L$123,0)),"")
A59: =IF(I59="","",56) | B59: =IFERROR(INDEX('ENTRADA DATOS'!$B$4:$B$123,MATCH(LARGE('ENTRADA DATOS'!$L$4:$L$123,56),'ENTRADA DATOS'!$L$4:$L$123,0)),"") | C59: =IFERROR(INDEX('ENTRADA DATOS'!$C$4:$C$123,MATCH(LARGE('ENTRADA DATOS'!$L$4:$L$123,56),'ENTRADA DATOS'!$L$4:$L$123,0)),"") | D59: =IFERROR(INDEX('ENTRADA DATOS'!$D$4:$D$123,MATCH(LARGE('ENTRADA DATOS'!$L$4:$L$123,56),'ENTRADA DATOS'!$L$4:$L$123,0)),"") | E59: =IFERROR(INDEX('ENTRADA DATOS'!$E$4:$E$123,MATCH(LARGE('ENTRADA DATOS'!$L$4:$L$123,56),'ENTRADA DATOS'!$L$4:$L$123,0)),"") | F59: =IFERROR(INDEX('ENTRADA DATOS'!$F$4:$F$123,MATCH(LARGE('ENTRADA DATOS'!$L$4:$L$123,56),'ENTRADA DATOS'!$L$4:$L$123,0)),"") | G59: =IFERROR(INDEX('ENTRADA DATOS'!$G$4:$G$123,MATCH(LARGE('ENTRADA DATOS'!$L$4:$L$123,56),'ENTRADA DATOS'!$L$4:$L$123,0)),"") | H59: =IFERROR(INDEX('ENTRADA DATOS'!$H$4:$H$123,MATCH(LARGE('ENTRADA DATOS'!$L$4:$L$123,56),'ENTRADA DATOS'!$L$4:$L$123,0)),"") | I59: =IFERROR(INDEX('ENTRADA DATOS'!$I$4:$I$123,MATCH(LARGE('ENTRADA DATOS'!$L$4:$L$123,56),'ENTRADA DATOS'!$L$4:$L$123,0)),"") | J59: =IFERROR(INDEX('ENTRADA DATOS'!$J$4:$J$123,MATCH(LARGE('ENTRADA DATOS'!$L$4:$L$123,56),'ENTRADA DATOS'!$L$4:$L$123,0)),"") | K59: =IFERROR(INDEX('ENTRADA DATOS'!$K$4:$K$123,MATCH(LARGE('ENTRADA DATOS'!$L$4:$L$123,56),'ENTRADA DATOS'!$L$4:$L$123,0)),"")
A60: =IF(I60="","",57) | B60: =IFERROR(INDEX('ENTRADA DATOS'!$B$4:$B$123,MATCH(LARGE('ENTRADA DATOS'!$L$4:$L$123,57),'ENTRADA DATOS'!$L$4:$L$123,0)),"") | C60: =IFERROR(INDEX('ENTRADA DATOS'!$C$4:$C$123,MATCH(LARGE('ENTRADA DATOS'!$L$4:$L$123,57),'ENTRADA DATOS'!$L$4:$L$123,0)),"") | D60: =IFERROR(INDEX('ENTRADA DATOS'!$D$4:$D$123,MATCH(LARGE('ENTRADA DATOS'!$L$4:$L$123,57),'ENTRADA DATOS'!$L$4:$L$123,0)),"") | E60: =IFERROR(INDEX('ENTRADA DATOS'!$E$4:$E$123,MATCH(LARGE('ENTRADA DATOS'!$L$4:$L$123,57),'ENTRADA DATOS'!$L$4:$L$123,0)),"") | F60: =IFERROR(INDEX('ENTRADA DATOS'!$F$4:$F$123,MATCH(LARGE('ENTRADA DATOS'!$L$4:$L$123,57),'ENTRADA DATOS'!$L$4:$L$123,0)),"") | G60: =IFERROR(INDEX('ENTRADA DATOS'!$G$4:$G$123,MATCH(LARGE('ENTRADA DATOS'!$L$4:$L$123,57),'ENTRADA DATOS'!$L$4:$L$123,0)),"") | H60: =IFERROR(INDEX('ENTRADA DATOS'!$H$4:$H$123,MATCH(LARGE('ENTRADA DATOS'!$L$4:$L$123,57),'ENTRADA DATOS'!$L$4:$L$123,0)),"") | I60: =IFERROR(INDEX('ENTRADA DATOS'!$I$4:$I$123,MATCH(LARGE('ENTRADA DATOS'!$L$4:$L$123,57),'ENTRADA DATOS'!$L$4:$L$123,0)),"") | J60: =IFERROR(INDEX('ENTRADA DATOS'!$J$4:$J$123,MATCH(LARGE('ENTRADA DATOS'!$L$4:$L$123,57),'ENTRADA DATOS'!$L$4:$L$123,0)),"") | K60: =IFERROR(INDEX('ENTRADA DATOS'!$K$4:$K$123,MATCH(LARGE('ENTRADA DATOS'!$L$4:$L$123,57),'ENTRADA DATOS'!$L$4:$L$123,0)),"")
A61: =IF(I61="","",58) | B61: =IFERROR(INDEX('ENTRADA DATOS'!$B$4:$B$123,MATCH(LARGE('ENTRADA DATOS'!$L$4:$L$123,58),'ENTRADA DATOS'!$L$4:$L$123,0)),"") | C61: =IFERROR(INDEX('ENTRADA DATOS'!$C$4:$C$123,MATCH(LARGE('ENTRADA DATOS'!$L$4:$L$123,58),'ENTRADA DATOS'!$L$4:$L$123,0)),"") | D61: =IFERROR(INDEX('ENTRADA DATOS'!$D$4:$D$123,MATCH(LARGE('ENTRADA DATOS'!$L$4:$L$123,58),'ENTRADA DATOS'!$L$4:$L$123,0)),"") | E61: =IFERROR(INDEX('ENTRADA DATOS'!$E$4:$E$123,MATCH(LARGE('ENTRADA DATOS'!$L$4:$L$123,58),'ENTRADA DATOS'!$L$4:$L$123,0)),"") | F61: =IFERROR(INDEX('ENTRADA DATOS'!$F$4:$F$123,MATCH(LARGE('ENTRADA DATOS'!$L$4:$L$123,58),'ENTRADA DATOS'!$L$4:$L$123,0)),"") | G61: =IFERROR(INDEX('ENTRADA DATOS'!$G$4:$G$123,MATCH(LARGE('ENTRADA DATOS'!$L$4:$L$123,58),'ENTRADA DATOS'!$L$4:$L$123,0)),"") | H61: =IFERROR(INDEX('ENTRADA DATOS'!$H$4:$H$123,MATCH(LARGE('ENTRADA DATOS'!$L$4:$L$123,58),'ENTRADA DATOS'!$L$4:$L$123,0)),"") | I61: =IFERROR(INDEX('ENTRADA DATOS'!$I$4:$I$123,MATCH(LARGE('ENTRADA DATOS'!$L$4:$L$123,58),'ENTRADA DATOS'!$L$4:$L$123,0)),"") | J61: =IFERROR(INDEX('ENTRADA DATOS'!$J$4:$J$123,MATCH(LARGE('ENTRADA DATOS'!$L$4:$L$123,58),'ENTRADA DATOS'!$L$4:$L$123,0)),"") | K61: =IFERROR(INDEX('ENTRADA DATOS'!$K$4:$K$123,MATCH(LARGE('ENTRADA DATOS'!$L$4:$L$123,58),'ENTRADA DATOS'!$L$4:$L$123,0)),"")
A62: =IF(I62="","",59) | B62: =IFERROR(INDEX('ENTRADA DATOS'!$B$4:$B$123,MATCH(LARGE('ENTRADA DATOS'!$L$4:$L$123,59),'ENTRADA DATOS'!$L$4:$L$123,0)),"") | C62: =IFERROR(INDEX('ENTRADA DATOS'!$C$4:$C$123,MATCH(LARGE('ENTRADA DATOS'!$L$4:$L$123,59),'ENTRADA DATOS'!$L$4:$L$123,0)),"") | D62: =IFERROR(INDEX('ENTRADA DATOS'!$D$4:$D$123,MATCH(LARGE('ENTRADA DATOS'!$L$4:$L$123,59),'ENTRADA DATOS'!$L$4:$L$123,0)),"") | E62: =IFERROR(INDEX('ENTRADA DATOS'!$E$4:$E$123,MATCH(LARGE('ENTRADA DATOS'!$L$4:$L$123,59),'ENTRADA DATOS'!$L$4:$L$123,0)),"") | F62: =IFERROR(INDEX('ENTRADA DATOS'!$F$4:$F$123,MATCH(LARGE('ENTRADA DATOS'!$L$4:$L$123,59),'ENTRADA DATOS'!$L$4:$L$123,0)),"") | G62: =IFERROR(INDEX('ENTRADA DATOS'!$G$4:$G$123,MATCH(LARGE('ENTRADA DATOS'!$L$4:$L$123,59),'ENTRADA DATOS'!$L$4:$L$123,0)),"") | H62: =IFERROR(INDEX('ENTRADA DATOS'!$H$4:$H$123,MATCH(LARGE('ENTRADA DATOS'!$L$4:$L$123,59),'ENTRADA DATOS'!$L$4:$L$123,0)),"") | I62: =IFERROR(INDEX('ENTRADA DATOS'!$I$4:$I$123,MATCH(LARGE('ENTRADA DATOS'!$L$4:$L$123,59),'ENTRADA DATOS'!$L$4:$L$123,0)),"") | J62: =IFERROR(INDEX('ENTRADA DATOS'!$J$4:$J$123,MATCH(LARGE('ENTRADA DATOS'!$L$4:$L$123,59),'ENTRADA DATOS'!$L$4:$L$123,0)),"") | K62: =IFERROR(INDEX('ENTRADA DATOS'!$K$4:$K$123,MATCH(LARGE('ENTRADA DATOS'!$L$4:$L$123,59),'ENTRADA DATOS'!$L$4:$L$123,0)),"")
A63: =IF(I63="","",60) | B63: =IFERROR(INDEX('ENTRADA DATOS'!$B$4:$B$123,MATCH(LARGE('ENTRADA DATOS'!$L$4:$L$123,60),'ENTRADA DATOS'!$L$4:$L$123,0)),"") | C63: =IFERROR(INDEX('ENTRADA DATOS'!$C$4:$C$123,MATCH(LARGE('ENTRADA DATOS'!$L$4:$L$123,60),'ENTRADA DATOS'!$L$4:$L$123,0)),"") | D63: =IFERROR(INDEX('ENTRADA DATOS'!$D$4:$D$123,MATCH(LARGE('ENTRADA DATOS'!$L$4:$L$123,60),'ENTRADA DATOS'!$L$4:$L$123,0)),"") | E63: =IFERROR(INDEX('ENTRADA DATOS'!$E$4:$E$123,MATCH(LARGE('ENTRADA DATOS'!$L$4:$L$123,60),'ENTRADA DATOS'!$L$4:$L$123,0)),"") | F63: =IFERROR(INDEX('ENTRADA DATOS'!$F$4:$F$123,MATCH(LARGE('ENTRADA DATOS'!$L$4:$L$123,60),'ENTRADA DATOS'!$L$4:$L$123,0)),"") | G63: =IFERROR(INDEX('ENTRADA DATOS'!$G$4:$G$123,MATCH(LARGE('ENTRADA DATOS'!$L$4:$L$123,60),'ENTRADA DATOS'!$L$4:$L$123,0)),"") | H63: =IFERROR(INDEX('ENTRADA DATOS'!$H$4:$H$123,MATCH(LARGE('ENTRADA DATOS'!$L$4:$L$123,60),'ENTRADA DATOS'!$L$4:$L$123,0)),"") | I63: =IFERROR(INDEX('ENTRADA DATOS'!$I$4:$I$123,MATCH(LARGE('ENTRADA DATOS'!$L$4:$L$123,60),'ENTRADA DATOS'!$L$4:$L$123,0)),"") | J63: =IFERROR(INDEX('ENTRADA DATOS'!$J$4:$J$123,MATCH(LARGE('ENTRADA DATOS'!$L$4:$L$123,60),'ENTRADA DATOS'!$L$4:$L$123,0)),"") | K63: =IFERROR(INDEX('ENTRADA DATOS'!$K$4:$K$123,MATCH(LARGE('ENTRADA DATOS'!$L$4:$L$123,60),'ENTRADA DATOS'!$L$4:$L$123,0)),"")
A64: =IF(I64="","",61) | B64: =IFERROR(INDEX('ENTRADA DATOS'!$B$4:$B$123,MATCH(LARGE('ENTRADA DATOS'!$L$4:$L$123,61),'ENTRADA DATOS'!$L$4:$L$123,0)),"") | C64: =IFERROR(INDEX('ENTRADA DATOS'!$C$4:$C$123,MATCH(LARGE('ENTRADA DATOS'!$L$4:$L$123,61),'ENTRADA DATOS'!$L$4:$L$123,0)),"") | D64: =IFERROR(INDEX('ENTRADA DATOS'!$D$4:$D$123,MATCH(LARGE('ENTRADA DATOS'!$L$4:$L$123,61),'ENTRADA DATOS'!$L$4:$L$123,0)),"") | E64: =IFERROR(INDEX('ENTRADA DATOS'!$E$4:$E$123,MATCH(LARGE('ENTRADA DATOS'!$L$4:$L$123,61),'ENTRADA DATOS'!$L$4:$L$123,0)),"") | F64: =IFERROR(INDEX('ENTRADA DATOS'!$F$4:$F$123,MATCH(LARGE('ENTRADA DATOS'!$L$4:$L$123,61),'ENTRADA DATOS'!$L$4:$L$123,0)),"") | G64: =IFERROR(INDEX('ENTRADA DATOS'!$G$4:$G$123,MATCH(LARGE('ENTRADA DATOS'!$L$4:$L$123,61),'ENTRADA DATOS'!$L$4:$L$123,0)),"") | H64: =IFERROR(INDEX('ENTRADA DATOS'!$H$4:$H$123,MATCH(LARGE('ENTRADA DATOS'!$L$4:$L$123,61),'ENTRADA DATOS'!$L$4:$L$123,0)),"") | I64: =IFERROR(INDEX('ENTRADA DATOS'!$I$4:$I$123,MATCH(LARGE('ENTRADA DATOS'!$L$4:$L$123,61),'ENTRADA DATOS'!$L$4:$L$123,0)),"") | J64: =IFERROR(INDEX('ENTRADA DATOS'!$J$4:$J$123,MATCH(LARGE('ENTRADA DATOS'!$L$4:$L$123,61),'ENTRADA DATOS'!$L$4:$L$123,0)),"") | K64: =IFERROR(INDEX('ENTRADA DATOS'!$K$4:$K$123,MATCH(LARGE('ENTRADA DATOS'!$L$4:$L$123,61),'ENTRADA DATOS'!$L$4:$L$123,0)),"")
A65: =IF(I65="","",62) | B65: =IFERROR(INDEX('ENTRADA DATOS'!$B$4:$B$123,MATCH(LARGE('ENTRADA DATOS'!$L$4:$L$123,62),'ENTRADA DATOS'!$L$4:$L$123,0)),"") | C65: =IFERROR(INDEX('ENTRADA DATOS'!$C$4:$C$123,MATCH(LARGE('ENTRADA DATOS'!$L$4:$L$123,62),'ENTRADA DATOS'!$L$4:$L$123,0)),"") | D65: =IFERROR(INDEX('ENTRADA DATOS'!$D$4:$D$123,MATCH(LARGE('ENTRADA DATOS'!$L$4:$L$123,62),'ENTRADA DATOS'!$L$4:$L$123,0)),"") | E65: =IFERROR(INDEX('ENTRADA DATOS'!$E$4:$E$123,MATCH(LARGE('ENTRADA DATOS'!$L$4:$L$123,62),'ENTRADA DATOS'!$L$4:$L$123,0)),"") | F65: =IFERROR(INDEX('ENTRADA DATOS'!$F$4:$F$123,MATCH(LARGE('ENTRADA DATOS'!$L$4:$L$123,62),'ENTRADA DATOS'!$L$4:$L$123,0)),"") | G65: =IFERROR(INDEX('ENTRADA DATOS'!$G$4:$G$123,MATCH(LARGE('ENTRADA DATOS'!$L$4:$L$123,62),'ENTRADA DATOS'!$L$4:$L$123,0)),"") | H65: =IFERROR(INDEX('ENTRADA DATOS'!$H$4:$H$123,MATCH(LARGE('ENTRADA DATOS'!$L$4:$L$123,62),'ENTRADA DATOS'!$L$4:$L$123,0)),"") | I65: =IFERROR(INDEX('ENTRADA DATOS'!$I$4:$I$123,MATCH(LARGE('ENTRADA DATOS'!$L$4:$L$123,62),'ENTRADA DATOS'!$L$4:$L$123,0)),"") | J65: =IFERROR(INDEX('ENTRADA DATOS'!$J$4:$J$123,MATCH(LARGE('ENTRADA DATOS'!$L$4:$L$123,62),'ENTRADA DATOS'!$L$4:$L$123,0)),"") | K65: =IFERROR(INDEX('ENTRADA DATOS'!$K$4:$K$123,MATCH(LARGE('ENTRADA DATOS'!$L$4:$L$123,62),'ENTRADA DATOS'!$L$4:$L$123,0)),"")
A66: =IF(I66="","",63) | B66: =IFERROR(INDEX('ENTRADA DATOS'!$B$4:$B$123,MATCH(LARGE('ENTRADA DATOS'!$L$4:$L$123,63),'ENTRADA DATOS'!$L$4:$L$123,0)),"") | C66: =IFERROR(INDEX('ENTRADA DATOS'!$C$4:$C$123,MATCH(LARGE('ENTRADA DATOS'!$L$4:$L$123,63),'ENTRADA DATOS'!$L$4:$L$123,0)),"") | D66: =IFERROR(INDEX('ENTRADA DATOS'!$D$4:$D$123,MATCH(LARGE('ENTRADA DATOS'!$L$4:$L$123,63),'ENTRADA DATOS'!$L$4:$L$123,0)),"") | E66: =IFERROR(INDEX('ENTRADA DATOS'!$E$4:$E$123,MATCH(LARGE('ENTRADA DATOS'!$L$4:$L$123,63),'ENTRADA DATOS'!$L$4:$L$123,0)),"") | F66: =IFERROR(INDEX('ENTRADA DATOS'!$F$4:$F$123,MATCH(LARGE('ENTRADA DATOS'!$L$4:$L$123,63),'ENTRADA DATOS'!$L$4:$L$123,0)),"") | G66: =IFERROR(INDEX('ENTRADA DATOS'!$G$4:$G$123,MATCH(LARGE('ENTRADA DATOS'!$L$4:$L$123,63),'ENTRADA DATOS'!$L$4:$L$123,0)),"") | H66: =IFERROR(INDEX('ENTRADA DATOS'!$H$4:$H$123,MATCH(LARGE('ENTRADA DATOS'!$L$4:$L$123,63),'ENTRADA DATOS'!$L$4:$L$123,0)),"") | I66: =IFERROR(INDEX('ENTRADA DATOS'!$I$4:$I$123,MATCH(LARGE('ENTRADA DATOS'!$L$4:$L$123,63),'ENTRADA DATOS'!$L$4:$L$123,0)),"") | J66: =IFERROR(INDEX('ENTRADA DATOS'!$J$4:$J$123,MATCH(LARGE('ENTRADA DATOS'!$L$4:$L$123,63),'ENTRADA DATOS'!$L$4:$L$123,0)),"") | K66: =IFERROR(INDEX('ENTRADA DATOS'!$K$4:$K$123,MATCH(LARGE('ENTRADA DATOS'!$L$4:$L$123,63),'ENTRADA DATOS'!$L$4:$L$123,0)),"")
A67: =IF(I67="","",64) | B67: =IFERROR(INDEX('ENTRADA DATOS'!$B$4:$B$123,MATCH(LARGE('ENTRADA DATOS'!$L$4:$L$123,64),'ENTRADA DATOS'!$L$4:$L$123,0)),"") | C67: =IFERROR(INDEX('ENTRADA DATOS'!$C$4:$C$123,MATCH(LARGE('ENTRADA DATOS'!$L$4:$L$123,64),'ENTRADA DATOS'!$L$4:$L$123,0)),"") | D67: =IFERROR(INDEX('ENTRADA DATOS'!$D$4:$D$123,MATCH(LARGE('ENTRADA DATOS'!$L$4:$L$123,64),'ENTRADA DATOS'!$L$4:$L$123,0)),"") | E67: =IFERROR(INDEX('ENTRADA DATOS'!$E$4:$E$123,MATCH(LARGE('ENTRADA DATOS'!$L$4:$L$123,64),'ENTRADA DATOS'!$L$4:$L$123,0)),"") | F67: =IFERROR(INDEX('ENTRADA DATOS'!$F$4:$F$123,MATCH(LARGE('ENTRADA DATOS'!$L$4:$L$123,64),'ENTRADA DATOS'!$L$4:$L$123,0)),"") | G67: =IFERROR(INDEX('ENTRADA DATOS'!$G$4:$G$123,MATCH(LARGE('ENTRADA DATOS'!$L$4:$L$123,64),'ENTRADA DATOS'!$L$4:$L$123,0)),"") | H67: =IFERROR(INDEX('ENTRADA DATOS'!$H$4:$H$123,MATCH(LARGE('ENTRADA DATOS'!$L$4:$L$123,64),'ENTRADA DATOS'!$L$4:$L$123,0)),"") | I67: =IFERROR(INDEX('ENTRADA DATOS'!$I$4:$I$123,MATCH(LARGE('ENTRADA DATOS'!$L$4:$L$123,64),'ENTRADA DATOS'!$L$4:$L$123,0)),"") | J67: =IFERROR(INDEX('ENTRADA DATOS'!$J$4:$J$123,MATCH(LARGE('ENTRADA DATOS'!$L$4:$L$123,64),'ENTRADA DATOS'!$L$4:$L$123,0)),"") | K67: =IFERROR(INDEX('ENTRADA DATOS'!$K$4:$K$123,MATCH(LARGE('ENTRADA DATOS'!$L$4:$L$123,64),'ENTRADA DATOS'!$L$4:$L$123,0)),"")
A68: =IF(I68="","",65) | B68: =IFERROR(INDEX('ENTRADA DATOS'!$B$4:$B$123,MATCH(LARGE('ENTRADA DATOS'!$L$4:$L$123,65),'ENTRADA DATOS'!$L$4:$L$123,0)),"") | C68: =IFERROR(INDEX('ENTRADA DATOS'!$C$4:$C$123,MATCH(LARGE('ENTRADA DATOS'!$L$4:$L$123,65),'ENTRADA DATOS'!$L$4:$L$123,0)),"") | D68: =IFERROR(INDEX('ENTRADA DATOS'!$D$4:$D$123,MATCH(LARGE('ENTRADA DATOS'!$L$4:$L$123,65),'ENTRADA DATOS'!$L$4:$L$123,0)),"") | E68: =IFERROR(INDEX('ENTRADA DATOS'!$E$4:$E$123,MATCH(LARGE('ENTRADA DATOS'!$L$4:$L$123,65),'ENTRADA DATOS'!$L$4:$L$123,0)),"") | F68: =IFERROR(INDEX('ENTRADA DATOS'!$F$4:$F$123,MATCH(LARGE('ENTRADA DATOS'!$L$4:$L$123,65),'ENTRADA DATOS'!$L$4:$L$123,0)),"") | G68: =IFERROR(INDEX('ENTRADA DATOS'!$G$4:$G$123,MATCH(LARGE('ENTRADA DATOS'!$L$4:$L$123,65),'ENTRADA DATOS'!$L$4:$L$123,0)),"") | H68: =IFERROR(INDEX('ENTRADA DATOS'!$H$4:$H$123,MATCH(LARGE('ENTRADA DATOS'!$L$4:$L$123,65),'ENTRADA DATOS'!$L$4:$L$123,0)),"") | I68: =IFERROR(INDEX('ENTRADA DATOS'!$I$4:$I$123,MATCH(LARGE('ENTRADA DATOS'!$L$4:$L$123,65),'ENTRADA DATOS'!$L$4:$L$123,0)),"") | J68: =IFERROR(INDEX('ENTRADA DATOS'!$J$4:$J$123,MATCH(LARGE('ENTRADA DATOS'!$L$4:$L$123,65),'ENTRADA DATOS'!$L$4:$L$123,0)),"") | K68: =IFERROR(INDEX('ENTRADA DATOS'!$K$4:$K$123,MATCH(LARGE('ENTRADA DATOS'!$L$4:$L$123,65),'ENTRADA DATOS'!$L$4:$L$123,0)),"")
A69: =IF(I69="","",66) | B69: =IFERROR(INDEX('ENTRADA DATOS'!$B$4:$B$123,MATCH(LARGE('ENTRADA DATOS'!$L$4:$L$123,66),'ENTRADA DATOS'!$L$4:$L$123,0)),"") | C69: =IFERROR(INDEX('ENTRADA DATOS'!$C$4:$C$123,MATCH(LARGE('ENTRADA DATOS'!$L$4:$L$123,66),'ENTRADA DATOS'!$L$4:$L$123,0)),"") | D69: =IFERROR(INDEX('ENTRADA DATOS'!$D$4:$D$123,MATCH(LARGE('ENTRADA DATOS'!$L$4:$L$123,66),'ENTRADA DATOS'!$L$4:$L$123,0)),"") | E69: =IFERROR(INDEX('ENTRADA DATOS'!$E$4:$E$123,MATCH(LARGE('ENTRADA DATOS'!$L$4:$L$123,66),'ENTRADA DATOS'!$L$4:$L$123,0)),"") | F69: =IFERROR(INDEX('ENTRADA DATOS'!$F$4:$F$123,MATCH(LARGE('ENTRADA DATOS'!$L$4:$L$123,66),'ENTRADA DATOS'!$L$4:$L$123,0)),"") | G69: =IFERROR(INDEX('ENTRADA DATOS'!$G$4:$G$123,MATCH(LARGE('ENTRADA DATOS'!$L$4:$L$123,66),'ENTRADA DATOS'!$L$4:$L$123,0)),"") | H69: =IFERROR(INDEX('ENTRADA DATOS'!$H$4:$H$123,MATCH(LARGE('ENTRADA DATOS'!$L$4:$L$123,66),'ENTRADA DATOS'!$L$4:$L$123,0)),"") | I69: =IFERROR(INDEX('ENTRADA DATOS'!$I$4:$I$123,MATCH(LARGE('ENTRADA DATOS'!$L$4:$L$123,66),'ENTRADA DATOS'!$L$4:$L$123,0)),"") | J69: =IFERROR(INDEX('ENTRADA DATOS'!$J$4:$J$123,MATCH(LARGE('ENTRADA DATOS'!$L$4:$L$123,66),'ENTRADA DATOS'!$L$4:$L$123,0)),"") | K69: =IFERROR(INDEX('ENTRADA DATOS'!$K$4:$K$123,MATCH(LARGE('ENTRADA DATOS'!$L$4:$L$123,66),'ENTRADA DATOS'!$L$4:$L$123,0)),"")
A70: =IF(I70="","",67) | B70: =IFERROR(INDEX('ENTRADA DATOS'!$B$4:$B$123,MATCH(LARGE('ENTRADA DATOS'!$L$4:$L$123,67),'ENTRADA DATOS'!$L$4:$L$123,0)),"") | C70: =IFERROR(INDEX('ENTRADA DATOS'!$C$4:$C$123,MATCH(LARGE('ENTRADA DATOS'!$L$4:$L$123,67),'ENTRADA DATOS'!$L$4:$L$123,0)),"") | D70: =IFERROR(INDEX('ENTRADA DATOS'!$D$4:$D$123,MATCH(LARGE('ENTRADA DATOS'!$L$4:$L$123,67),'ENTRADA DATOS'!$L$4:$L$123,0)),"") | E70: =IFERROR(INDEX('ENTRADA DATOS'!$E$4:$E$123,MATCH(LARGE('ENTRADA DATOS'!$L$4:$L$123,67),'ENTRADA DATOS'!$L$4:$L$123,0)),"") | F70: =IFERROR(INDEX('ENTRADA DATOS'!$F$4:$F$123,MATCH(LARGE('ENTRADA DATOS'!$L$4:$L$123,67),'ENTRADA DATOS'!$L$4:$L$123,0)),"") | G70: =IFERROR(INDEX('ENTRADA DATOS'!$G$4:$G$123,MATCH(LARGE('ENTRADA DATOS'!$L$4:$L$123,67),'ENTRADA DATOS'!$L$4:$L$123,0)),"") | H70: =IFERROR(INDEX('ENTRADA DATOS'!$H$4:$H$123,MATCH(LARGE('ENTRADA DATOS'!$L$4:$L$123,67),'ENTRADA DATOS'!$L$4:$L$123,0)),"") | I70: =IFERROR(INDEX('ENTRADA DATOS'!$I$4:$I$123,MATCH(LARGE('ENTRADA DATOS'!$L$4:$L$123,67),'ENTRADA DATOS'!$L$4:$L$123,0)),"") | J70: =IFERROR(INDEX('ENTRADA DATOS'!$J$4:$J$123,MATCH(LARGE('ENTRADA DATOS'!$L$4:$L$123,67),'ENTRADA DATOS'!$L$4:$L$123,0)),"") | K70: =IFERROR(INDEX('ENTRADA DATOS'!$K$4:$K$123,MATCH(LARGE('ENTRADA DATOS'!$L$4:$L$123,67),'ENTRADA DATOS'!$L$4:$L$123,0)),"")
A71: =IF(I71="","",68) | B71: =IFERROR(INDEX('ENTRADA DATOS'!$B$4:$B$123,MATCH(LARGE('ENTRADA DATOS'!$L$4:$L$123,68),'ENTRADA DATOS'!$L$4:$L$123,0)),"") | C71: =IFERROR(INDEX('ENTRADA DATOS'!$C$4:$C$123,MATCH(LARGE('ENTRADA DATOS'!$L$4:$L$123,68),'ENTRADA DATOS'!$L$4:$L$123,0)),"") | D71: =IFERROR(INDEX('ENTRADA DATOS'!$D$4:$D$123,MATCH(LARGE('ENTRADA DATOS'!$L$4:$L$123,68),'ENTRADA DATOS'!$L$4:$L$123,0)),"") | E71: =IFERROR(INDEX('ENTRADA DATOS'!$E$4:$E$123,MATCH(LARGE('ENTRADA DATOS'!$L$4:$L$123,68),'ENTRADA DATOS'!$L$4:$L$123,0)),"") | F71: =IFERROR(INDEX('ENTRADA DATOS'!$F$4:$F$123,MATCH(LARGE('ENTRADA DATOS'!$L$4:$L$123,68),'ENTRADA DATOS'!$L$4:$L$123,0)),"") | G71: =IFERROR(INDEX('ENTRADA DATOS'!$G$4:$G$123,MATCH(LARGE('ENTRADA DATOS'!$L$4:$L$123,68),'ENTRADA DATOS'!$L$4:$L$123,0)),"") | H71: =IFERROR(INDEX('ENTRADA DATOS'!$H$4:$H$123,MATCH(LARGE('ENTRADA DATOS'!$L$4:$L$123,68),'ENTRADA DATOS'!$L$4:$L$123,0)),"") | I71: =IFERROR(INDEX('ENTRADA DATOS'!$I$4:$I$123,MATCH(LARGE('ENTRADA DATOS'!$L$4:$L$123,68),'ENTRADA DATOS'!$L$4:$L$123,0)),"") | J71: =IFERROR(INDEX('ENTRADA DATOS'!$J$4:$J$123,MATCH(LARGE('ENTRADA DATOS'!$L$4:$L$123,68),'ENTRADA DATOS'!$L$4:$L$123,0)),"") | K71: =IFERROR(INDEX('ENTRADA DATOS'!$K$4:$K$123,MATCH(LARGE('ENTRADA DATOS'!$L$4:$L$123,68),'ENTRADA DATOS'!$L$4:$L$123,0)),"")
A72: =IF(I72="","",69) | B72: =IFERROR(INDEX('ENTRADA DATOS'!$B$4:$B$123,MATCH(LARGE('ENTRADA DATOS'!$L$4:$L$123,69),'ENTRADA DATOS'!$L$4:$L$123,0)),"") | C72: =IFERROR(INDEX('ENTRADA DATOS'!$C$4:$C$123,MATCH(LARGE('ENTRADA DATOS'!$L$4:$L$123,69),'ENTRADA DATOS'!$L$4:$L$123,0)),"") | D72: =IFERROR(INDEX('ENTRADA DATOS'!$D$4:$D$123,MATCH(LARGE('ENTRADA DATOS'!$L$4:$L$123,69),'ENTRADA DATOS'!$L$4:$L$123,0)),"") | E72: =IFERROR(INDEX('ENTRADA DATOS'!$E$4:$E$123,MATCH(LARGE('ENTRADA DATOS'!$L$4:$L$123,69),'ENTRADA DATOS'!$L$4:$L$123,0)),"") | F72: =IFERROR(INDEX('ENTRADA DATOS'!$F$4:$F$123,MATCH(LARGE('ENTRADA DATOS'!$L$4:$L$123,69),'ENTRADA DATOS'!$L$4:$L$123,0)),"") | G72: =IFERROR(INDEX('ENTRADA DATOS'!$G$4:$G$123,MATCH(LARGE('ENTRADA DATOS'!$L$4:$L$123,69),'ENTRADA DATOS'!$L$4:$L$123,0)),"") | H72: =IFERROR(INDEX('ENTRADA DATOS'!$H$4:$H$123,MATCH(LARGE('ENTRADA DATOS'!$L$4:$L$123,69),'ENTRADA DATOS'!$L$4:$L$123,0)),"") | I72: =IFERROR(INDEX('ENTRADA DATOS'!$I$4:$I$123,MATCH(LARGE('ENTRADA DATOS'!$L$4:$L$123,69),'ENTRADA DATOS'!$L$4:$L$123,0)),"") | J72: =IFERROR(INDEX('ENTRADA DATOS'!$J$4:$J$123,MATCH(LARGE('ENTRADA DATOS'!$L$4:$L$123,69),'ENTRADA DATOS'!$L$4:$L$123,0)),"") | K72: =IFERROR(INDEX('ENTRADA DATOS'!$K$4:$K$123,MATCH(LARGE('ENTRADA DATOS'!$L$4:$L$123,69),'ENTRADA DATOS'!$L$4:$L$123,0)),"")
A73: =IF(I73="","",70) | B73: =IFERROR(INDEX('ENTRADA DATOS'!$B$4:$B$123,MATCH(LARGE('ENTRADA DATOS'!$L$4:$L$123,70),'ENTRADA DATOS'!$L$4:$L$123,0)),"") | C73: =IFERROR(INDEX('ENTRADA DATOS'!$C$4:$C$123,MATCH(LARGE('ENTRADA DATOS'!$L$4:$L$123,70),'ENTRADA DATOS'!$L$4:$L$123,0)),"") | D73: =IFERROR(INDEX('ENTRADA DATOS'!$D$4:$D$123,MATCH(LARGE('ENTRADA DATOS'!$L$4:$L$123,70),'ENTRADA DATOS'!$L$4:$L$123,0)),"") | E73: =IFERROR(INDEX('ENTRADA DATOS'!$E$4:$E$123,MATCH(LARGE('ENTRADA DATOS'!$L$4:$L$123,70),'ENTRADA DATOS'!$L$4:$L$123,0)),"") | F73: =IFERROR(INDEX('ENTRADA DATOS'!$F$4:$F$123,MATCH(LARGE('ENTRADA DATOS'!$L$4:$L$123,70),'ENTRADA DATOS'!$L$4:$L$123,0)),"") | G73: =IFERROR(INDEX('ENTRADA DATOS'!$G$4:$G$123,MATCH(LARGE('ENTRADA DATOS'!$L$4:$L$123,70),'ENTRADA DATOS'!$L$4:$L$123,0)),"") | H73: =IFERROR(INDEX('ENTRADA DATOS'!$H$4:$H$123,MATCH(LARGE('ENTRADA DATOS'!$L$4:$L$123,70),'ENTRADA DATOS'!$L$4:$L$123,0)),"") | I73: =IFERROR(INDEX('ENTRADA DATOS'!$I$4:$I$123,MATCH(LARGE('ENTRADA DATOS'!$L$4:$L$123,70),'ENTRADA DATOS'!$L$4:$L$123,0)),"") | J73: =IFERROR(INDEX('ENTRADA DATOS'!$J$4:$J$123,MATCH(LARGE('ENTRADA DATOS'!$L$4:$L$123,70),'ENTRADA DATOS'!$L$4:$L$123,0)),"") | K73: =IFERROR(INDEX('ENTRADA DATOS'!$K$4:$K$123,MATCH(LARGE('ENTRADA DATOS'!$L$4:$L$123,70),'ENTRADA DATOS'!$L$4:$L$123,0)),"")
A74: =IF(I74="","",71) | B74: =IFERROR(INDEX('ENTRADA DATOS'!$B$4:$B$123,MATCH(LARGE('ENTRADA DATOS'!$L$4:$L$123,71),'ENTRADA DATOS'!$L$4:$L$123,0)),"") | C74: =IFERROR(INDEX('ENTRADA DATOS'!$C$4:$C$123,MATCH(LARGE('ENTRADA DATOS'!$L$4:$L$123,71),'ENTRADA DATOS'!$L$4:$L$123,0)),"") | D74: =IFERROR(INDEX('ENTRADA DATOS'!$D$4:$D$123,MATCH(LARGE('ENTRADA DATOS'!$L$4:$L$123,71),'ENTRADA DATOS'!$L$4:$L$123,0)),"") | E74: =IFERROR(INDEX('ENTRADA DATOS'!$E$4:$E$123,MATCH(LARGE('ENTRADA DATOS'!$L$4:$L$123,71),'ENTRADA DATOS'!$L$4:$L$123,0)),"") | F74: =IFERROR(INDEX('ENTRADA DATOS'!$F$4:$F$123,MATCH(LARGE('ENTRADA DATOS'!$L$4:$L$123,71),'ENTRADA DATOS'!$L$4:$L$123,0)),"") | G74: =IFERROR(INDEX('ENTRADA DATOS'!$G$4:$G$123,MATCH(LARGE('ENTRADA DATOS'!$L$4:$L$123,71),'ENTRADA DATOS'!$L$4:$L$123,0)),"") | H74: =IFERROR(INDEX('ENTRADA DATOS'!$H$4:$H$123,MATCH(LARGE('ENTRADA DATOS'!$L$4:$L$123,71),'ENTRADA DATOS'!$L$4:$L$123,0)),"") | I74: =IFERROR(INDEX('ENTRADA DATOS'!$I$4:$I$123,MATCH(LARGE('ENTRADA DATOS'!$L$4:$L$123,71),'ENTRADA DATOS'!$L$4:$L$123,0)),"") | J74: =IFERROR(INDEX('ENTRADA DATOS'!$J$4:$J$123,MATCH(LARGE('ENTRADA DATOS'!$L$4:$L$123,71),'ENTRADA DATOS'!$L$4:$L$123,0)),"") | K74: =IFERROR(INDEX('ENTRADA DATOS'!$K$4:$K$123,MATCH(LARGE('ENTRADA DATOS'!$L$4:$L$123,71),'ENTRADA DATOS'!$L$4:$L$123,0)),"")
A75: =IF(I75="","",72) | B75: =IFERROR(INDEX('ENTRADA DATOS'!$B$4:$B$123,MATCH(LARGE('ENTRADA DATOS'!$L$4:$L$123,72),'ENTRADA DATOS'!$L$4:$L$123,0)),"") | C75: =IFERROR(INDEX('ENTRADA DATOS'!$C$4:$C$123,MATCH(LARGE('ENTRADA DATOS'!$L$4:$L$123,72),'ENTRADA DATOS'!$L$4:$L$123,0)),"") | D75: =IFERROR(INDEX('ENTRADA DATOS'!$D$4:$D$123,MATCH(LARGE('ENTRADA DATOS'!$L$4:$L$123,72),'ENTRADA DATOS'!$L$4:$L$123,0)),"") | E75: =IFERROR(INDEX('ENTRADA DATOS'!$E$4:$E$123,MATCH(LARGE('ENTRADA DATOS'!$L$4:$L$123,72),'ENTRADA DATOS'!$L$4:$L$123,0)),"") | F75: =IFERROR(INDEX('ENTRADA DATOS'!$F$4:$F$123,MATCH(LARGE('ENTRADA DATOS'!$L$4:$L$123,72),'ENTRADA DATOS'!$L$4:$L$123,0)),"") | G75: =IFERROR(INDEX('ENTRADA DATOS'!$G$4:$G$123,MATCH(LARGE('ENTRADA DATOS'!$L$4:$L$123,72),'ENTRADA DATOS'!$L$4:$L$123,0)),"") | H75: =IFERROR(INDEX('ENTRADA DATOS'!$H$4:$H$123,MATCH(LARGE('ENTRADA DATOS'!$L$4:$L$123,72),'ENTRADA DATOS'!$L$4:$L$123,0)),"") | I75: =IFERROR(INDEX('ENTRADA DATOS'!$I$4:$I$123,MATCH(LARGE('ENTRADA DATOS'!$L$4:$L$123,72),'ENTRADA DATOS'!$L$4:$L$123,0)),"") | J75: =IFERROR(INDEX('ENTRADA DATOS'!$J$4:$J$123,MATCH(LARGE('ENTRADA DATOS'!$L$4:$L$123,72),'ENTRADA DATOS'!$L$4:$L$123,0)),"") | K75: =IFERROR(INDEX('ENTRADA DATOS'!$K$4:$K$123,MATCH(LARGE('ENTRADA DATOS'!$L$4:$L$123,72),'ENTRADA DATOS'!$L$4:$L$123,0)),"")
A76: =IF(I76="","",73) | B76: =IFERROR(INDEX('ENTRADA DATOS'!$B$4:$B$123,MATCH(LARGE('ENTRADA DATOS'!$L$4:$L$123,73),'ENTRADA DATOS'!$L$4:$L$123,0)),"") | C76: =IFERROR(INDEX('ENTRADA DATOS'!$C$4:$C$123,MATCH(LARGE('ENTRADA DATOS'!$L$4:$L$123,73),'ENTRADA DATOS'!$L$4:$L$123,0)),"") | D76: =IFERROR(INDEX('ENTRADA DATOS'!$D$4:$D$123,MATCH(LARGE('ENTRADA DATOS'!$L$4:$L$123,73),'ENTRADA DATOS'!$L$4:$L$123,0)),"") | E76: =IFERROR(INDEX('ENTRADA DATOS'!$E$4:$E$123,MATCH(LARGE('ENTRADA DATOS'!$L$4:$L$123,73),'ENTRADA DATOS'!$L$4:$L$123,0)),"") | F76: =IFERROR(INDEX('ENTRADA DATOS'!$F$4:$F$123,MATCH(LARGE('ENTRADA DATOS'!$L$4:$L$123,73),'ENTRADA DATOS'!$L$4:$L$123,0)),"") | G76: =IFERROR(INDEX('ENTRADA DATOS'!$G$4:$G$123,MATCH(LARGE('ENTRADA DATOS'!$L$4:$L$123,73),'ENTRADA DATOS'!$L$4:$L$123,0)),"") | H76: =IFERROR(INDEX('ENTRADA DATOS'!$H$4:$H$123,MATCH(LARGE('ENTRADA DATOS'!$L$4:$L$123,73),'ENTRADA DATOS'!$L$4:$L$123,0)),"") | I76: =IFERROR(INDEX('ENTRADA DATOS'!$I$4:$I$123,MATCH(LARGE('ENTRADA DATOS'!$L$4:$L$123,73),'ENTRADA DATOS'!$L$4:$L$123,0)),"") | J76: =IFERROR(INDEX('ENTRADA DATOS'!$J$4:$J$123,MATCH(LARGE('ENTRADA DATOS'!$L$4:$L$123,73),'ENTRADA DATOS'!$L$4:$L$123,0)),"") | K76: =IFERROR(INDEX('ENTRADA DATOS'!$K$4:$K$123,MATCH(LARGE('ENTRADA DATOS'!$L$4:$L$123,73),'ENTRADA DATOS'!$L$4:$L$123,0)),"")
A77: =IF(I77="","",74) | B77: =IFERROR(INDEX('ENTRADA DATOS'!$B$4:$B$123,MATCH(LARGE('ENTRADA DATOS'!$L$4:$L$123,74),'ENTRADA DATOS'!$L$4:$L$123,0)),"") | C77: =IFERROR(INDEX('ENTRADA DATOS'!$C$4:$C$123,MATCH(LARGE('ENTRADA DATOS'!$L$4:$L$123,74),'ENTRADA DATOS'!$L$4:$L$123,0)),"") | D77: =IFERROR(INDEX('ENTRADA DATOS'!$D$4:$D$123,MATCH(LARGE('ENTRADA DATOS'!$L$4:$L$123,74),'ENTRADA DATOS'!$L$4:$L$123,0)),"") | E77: =IFERROR(INDEX('ENTRADA DATOS'!$E$4:$E$123,MATCH(LARGE('ENTRADA DATOS'!$L$4:$L$123,74),'ENTRADA DATOS'!$L$4:$L$123,0)),"") | F77: =IFERROR(INDEX('ENTRADA DATOS'!$F$4:$F$123,MATCH(LARGE('ENTRADA DATOS'!$L$4:$L$123,74),'ENTRADA DATOS'!$L$4:$L$123,0)),"") | G77: =IFERROR(INDEX('ENTRADA DATOS'!$G$4:$G$123,MATCH(LARGE('ENTRADA DATOS'!$L$4:$L$123,74),'ENTRADA DATOS'!$L$4:$L$123,0)),"") | H77: =IFERROR(INDEX('ENTRADA DATOS'!$H$4:$H$123,MATCH(LARGE('ENTRADA DATOS'!$L$4:$L$123,74),'ENTRADA DATOS'!$L$4:$L$123,0)),"") | I77: =IFERROR(INDEX('ENTRADA DATOS'!$I$4:$I$123,MATCH(LARGE('ENTRADA DATOS'!$L$4:$L$123,74),'ENTRADA DATOS'!$L$4:$L$123,0)),"") | J77: =IFERROR(INDEX('ENTRADA DATOS'!$J$4:$J$123,MATCH(LARGE('ENTRADA DATOS'!$L$4:$L$123,74),'ENTRADA DATOS'!$L$4:$L$123,0)),"") | K77: =IFERROR(INDEX('ENTRADA DATOS'!$K$4:$K$123,MATCH(LARGE('ENTRADA DATOS'!$L$4:$L$123,74),'ENTRADA DATOS'!$L$4:$L$123,0)),"")
A78: =IF(I78="","",75) | B78: =IFERROR(INDEX('ENTRADA DATOS'!$B$4:$B$123,MATCH(LARGE('ENTRADA DATOS'!$L$4:$L$123,75),'ENTRADA DATOS'!$L$4:$L$123,0)),"") | C78: =IFERROR(INDEX('ENTRADA DATOS'!$C$4:$C$123,MATCH(LARGE('ENTRADA DATOS'!$L$4:$L$123,75),'ENTRADA DATOS'!$L$4:$L$123,0)),"") | D78: =IFERROR(INDEX('ENTRADA DATOS'!$D$4:$D$123,MATCH(LARGE('ENTRADA DATOS'!$L$4:$L$123,75),'ENTRADA DATOS'!$L$4:$L$123,0)),"") | E78: =IFERROR(INDEX('ENTRADA DATOS'!$E$4:$E$123,MATCH(LARGE('ENTRADA DATOS'!$L$4:$L$123,75),'ENTRADA DATOS'!$L$4:$L$123,0)),"") | F78: =IFERROR(INDEX('ENTRADA DATOS'!$F$4:$F$123,MATCH(LARGE('ENTRADA DATOS'!$L$4:$L$123,75),'ENTRADA DATOS'!$L$4:$L$123,0)),"") | G78: =IFERROR(INDEX('ENTRADA DATOS'!$G$4:$G$123,MATCH(LARGE('ENTRADA DATOS'!$L$4:$L$123,75),'ENTRADA DATOS'!$L$4:$L$123,0)),"") | H78: =IFERROR(INDEX('ENTRADA DATOS'!$H$4:$H$123,MATCH(LARGE('ENTRADA DATOS'!$L$4:$L$123,75),'ENTRADA DATOS'!$L$4:$L$123,0)),"") | I78: =IFERROR(INDEX('ENTRADA DATOS'!$I$4:$I$123,MATCH(LARGE('ENTRADA DATOS'!$L$4:$L$123,75),'ENTRADA DATOS'!$L$4:$L$123,0)),"") | J78: =IFERROR(INDEX('ENTRADA DATOS'!$J$4:$J$123,MATCH(LARGE('ENTRADA DATOS'!$L$4:$L$123,75),'ENTRADA DATOS'!$L$4:$L$123,0)),"") | K78: =IFERROR(INDEX('ENTRADA DATOS'!$K$4:$K$123,MATCH(LARGE('ENTRADA DATOS'!$L$4:$L$123,75),'ENTRADA DATOS'!$L$4:$L$123,0)),"")
A79: =IF(I79="","",76) | B79: =IFERROR(INDEX('ENTRADA DATOS'!$B$4:$B$123,MATCH(LARGE('ENTRADA DATOS'!$L$4:$L$123,76),'ENTRADA DATOS'!$L$4:$L$123,0)),"") | C79: =IFERROR(INDEX('ENTRADA DATOS'!$C$4:$C$123,MATCH(LARGE('ENTRADA DATOS'!$L$4:$L$123,76),'ENTRADA DATOS'!$L$4:$L$123,0)),"") | D79: =IFERROR(INDEX('ENTRADA DATOS'!$D$4:$D$123,MATCH(LARGE('ENTRADA DATOS'!$L$4:$L$123,76),'ENTRADA DATOS'!$L$4:$L$123,0)),"") | E79: =IFERROR(INDEX('ENTRADA DATOS'!$E$4:$E$123,MATCH(LARGE('ENTRADA DATOS'!$L$4:$L$123,76),'ENTRADA DATOS'!$L$4:$L$123,0)),"") | F79: =IFERROR(INDEX('ENTRADA DATOS'!$F$4:$F$123,MATCH(LARGE('ENTRADA DATOS'!$L$4:$L$123,76),'ENTRADA DATOS'!$L$4:$L$123,0)),"") | G79: =IFERROR(INDEX('ENTRADA DATOS'!$G$4:$G$123,MATCH(LARGE('ENTRADA DATOS'!$L$4:$L$123,76),'ENTRADA DATOS'!$L$4:$L$123,0)),"") | H79: =IFERROR(INDEX('ENTRADA DATOS'!$H$4:$H$123,MATCH(LARGE('ENTRADA DATOS'!$L$4:$L$123,76),'ENTRADA DATOS'!$L$4:$L$123,0)),"") | I79: =IFERROR(INDEX('ENTRADA DATOS'!$I$4:$I$123,MATCH(LARGE('ENTRADA DATOS'!$L$4:$L$123,76),'ENTRADA DATOS'!$L$4:$L$123,0)),"") | J79: =IFERROR(INDEX('ENTRADA DATOS'!$J$4:$J$123,MATCH(LARGE('ENTRADA DATOS'!$L$4:$L$123,76),'ENTRADA DATOS'!$L$4:$L$123,0)),"") | K79: =IFERROR(INDEX('ENTRADA DATOS'!$K$4:$K$123,MATCH(LARGE('ENTRADA DATOS'!$L$4:$L$123,76),'ENTRADA DATOS'!$L$4:$L$123,0)),"")
A80: =IF(I80="","",77) | B80: =IFERROR(INDEX('ENTRADA DATOS'!$B$4:$B$123,MATCH(LARGE('ENTRADA DATOS'!$L$4:$L$123,77),'ENTRADA DATOS'!$L$4:$L$123,0)),"") | C80: =IFERROR(INDEX('ENTRADA DATOS'!$C$4:$C$123,MATCH(LARGE('ENTRADA DATOS'!$L$4:$L$123,77),'ENTRADA DATOS'!$L$4:$L$123,0)),"") | D80: =IFERROR(INDEX('ENTRADA DATOS'!$D$4:$D$123,MATCH(LARGE('ENTRADA DATOS'!$L$4:$L$123,77),'ENTRADA DATOS'!$L$4:$L$123,0)),"") | E80: =IFERROR(INDEX('ENTRADA DATOS'!$E$4:$E$123,MATCH(LARGE('ENTRADA DATOS'!$L$4:$L$123,77),'ENTRADA DATOS'!$L$4:$L$123,0)),"") | F80: =IFERROR(INDEX('ENTRADA DATOS'!$F$4:$F$123,MATCH(LARGE('ENTRADA DATOS'!$L$4:$L$123,77),'ENTRADA DATOS'!$L$4:$L$123,0)),"") | G80: =IFERROR(INDEX('ENTRADA DATOS'!$G$4:$G$123,MATCH(LARGE('ENTRADA DATOS'!$L$4:$L$123,77),'ENTRADA DATOS'!$L$4:$L$123,0)),"") | H80: =IFERROR(INDEX('ENTRADA DATOS'!$H$4:$H$123,MATCH(LARGE('ENTRADA DATOS'!$L$4:$L$123,77),'ENTRADA DATOS'!$L$4:$L$123,0)),"") | I80: =IFERROR(INDEX('ENTRADA DATOS'!$I$4:$I$123,MATCH(LARGE('ENTRADA DATOS'!$L$4:$L$123,77),'ENTRADA DATOS'!$L$4:$L$123,0)),"") | J80: =IFERROR(INDEX('ENTRADA DATOS'!$J$4:$J$123,MATCH(LARGE('ENTRADA DATOS'!$L$4:$L$123,77),'ENTRADA DATOS'!$L$4:$L$123,0)),"") | K80: =IFERROR(INDEX('ENTRADA DATOS'!$K$4:$K$123,MATCH(LARGE('ENTRADA DATOS'!$L$4:$L$123,77),'ENTRADA DATOS'!$L$4:$L$123,0)),"")
A81: =IF(I81="","",78) | B81: =IFERROR(INDEX('ENTRADA DATOS'!$B$4:$B$123,MATCH(LARGE('ENTRADA DATOS'!$L$4:$L$123,78),'ENTRADA DATOS'!$L$4:$L$123,0)),"") | C81: =IFERROR(INDEX('ENTRADA DATOS'!$C$4:$C$123,MATCH(LARGE('ENTRADA DATOS'!$L$4:$L$123,78),'ENTRADA DATOS'!$L$4:$L$123,0)),"") | D81: =IFERROR(INDEX('ENTRADA DATOS'!$D$4:$D$123,MATCH(LARGE('ENTRADA DATOS'!$L$4:$L$123,78),'ENTRADA DATOS'!$L$4:$L$123,0)),"") | E81: =IFERROR(INDEX('ENTRADA DATOS'!$E$4:$E$123,MATCH(LARGE('ENTRADA DATOS'!$L$4:$L$123,78),'ENTRADA DATOS'!$L$4:$L$123,0)),"") | F81: =IFERROR(INDEX('ENTRADA DATOS'!$F$4:$F$123,MATCH(LARGE('ENTRADA DATOS'!$L$4:$L$123,78),'ENTRADA DATOS'!$L$4:$L$123,0)),"") | G81: =IFERROR(INDEX('ENTRADA DATOS'!$G$4:$G$123,MATCH(LARGE('ENTRADA DATOS'!$L$4:$L$123,78),'ENTRADA DATOS'!$L$4:$L$123,0)),"") | H81: =IFERROR(INDEX('ENTRADA DATOS'!$H$4:$H$123,MATCH(LARGE('ENTRADA DATOS'!$L$4:$L$123,78),'ENTRADA DATOS'!$L$4:$L$123,0)),"") | I81: =IFERROR(INDEX('ENTRADA DATOS'!$I$4:$I$123,MATCH(LARGE('ENTRADA DATOS'!$L$4:$L$123,78),'ENTRADA DATOS'!$L$4:$L$123,0)),"") | J81: =IFERROR(INDEX('ENTRADA DATOS'!$J$4:$J$123,MATCH(LARGE('ENTRADA DATOS'!$L$4:$L$123,78),'ENTRADA DATOS'!$L$4:$L$123,0)),"") | K81: =IFERROR(INDEX('ENTRADA DATOS'!$K$4:$K$123,MATCH(LARGE('ENTRADA DATOS'!$L$4:$L$123,78),'ENTRADA DATOS'!$L$4:$L$123,0)),"")
A82: =IF(I82="","",79) | B82: =IFERROR(INDEX('ENTRADA DATOS'!$B$4:$B$123,MATCH(LARGE('ENTRADA DATOS'!$L$4:$L$123,79),'ENTRADA DATOS'!$L$4:$L$123,0)),"") | C82: =IFERROR(INDEX('ENTRADA DATOS'!$C$4:$C$123,MATCH(LARGE('ENTRADA DATOS'!$L$4:$L$123,79),'ENTRADA DATOS'!$L$4:$L$123,0)),"") | D82: =IFERROR(INDEX('ENTRADA DATOS'!$D$4:$D$123,MATCH(LARGE('ENTRADA DATOS'!$L$4:$L$123,79),'ENTRADA DATOS'!$L$4:$L$123,0)),"") | E82: =IFERROR(INDEX('ENTRADA DATOS'!$E$4:$E$123,MATCH(LARGE('ENTRADA DATOS'!$L$4:$L$123,79),'ENTRADA DATOS'!$L$4:$L$123,0)),"") | F82: =IFERROR(INDEX('ENTRADA DATOS'!$F$4:$F$123,MATCH(LARGE('ENTRADA DATOS'!$L$4:$L$123,79),'ENTRADA DATOS'!$L$4:$L$123,0)),"") | G82: =IFERROR(INDEX('ENTRADA DATOS'!$G$4:$G$123,MATCH(LARGE('ENTRADA DATOS'!$L$4:$L$123,79),'ENTRADA DATOS'!$L$4:$L$123,0)),"") | H82: =IFERROR(INDEX('ENTRADA DATOS'!$H$4:$H$123,MATCH(LARGE('ENTRADA DATOS'!$L$4:$L$123,79),'ENTRADA DATOS'!$L$4:$L$123,0)),"") | I82: =IFERROR(INDEX('ENTRADA DATOS'!$I$4:$I$123,MATCH(LARGE('ENTRADA DATOS'!$L$4:$L$123,79),'ENTRADA DATOS'!$L$4:$L$123,0)),"") | J82: =IFERROR(INDEX('ENTRADA DATOS'!$J$4:$J$123,MATCH(LARGE('ENTRADA DATOS'!$L$4:$L$123,79),'ENTRADA DATOS'!$L$4:$L$123,0)),"") | K82: =IFERROR(INDEX('ENTRADA DATOS'!$K$4:$K$123,MATCH(LARGE('ENTRADA DATOS'!$L$4:$L$123,79),'ENTRADA DATOS'!$L$4:$L$123,0)),"")
A83: =IF(I83="","",80) | B83: =IFERROR(INDEX('ENTRADA DATOS'!$B$4:$B$123,MATCH(LARGE('ENTRADA DATOS'!$L$4:$L$123,80),'ENTRADA DATOS'!$L$4:$L$123,0)),"") | C83: =IFERROR(INDEX('ENTRADA DATOS'!$C$4:$C$123,MATCH(LARGE('ENTRADA DATOS'!$L$4:$L$123,80),'ENTRADA DATOS'!$L$4:$L$123,0)),"") | D83: =IFERROR(INDEX('ENTRADA DATOS'!$D$4:$D$123,MATCH(LARGE('ENTRADA DATOS'!$L$4:$L$123,80),'ENTRADA DATOS'!$L$4:$L$123,0)),"") | E83: =IFERROR(INDEX('ENTRADA DATOS'!$E$4:$E$123,MATCH(LARGE('ENTRADA DATOS'!$L$4:$L$123,80),'ENTRADA DATOS'!$L$4:$L$123,0)),"") | F83: =IFERROR(INDEX('ENTRADA DATOS'!$F$4:$F$123,MATCH(LARGE('ENTRADA DATOS'!$L$4:$L$123,80),'ENTRADA DATOS'!$L$4:$L$123,0)),"") | G83: =IFERROR(INDEX('ENTRADA DATOS'!$G$4:$G$123,MATCH(LARGE('ENTRADA DATOS'!$L$4:$L$123,80),'ENTRADA DATOS'!$L$4:$L$123,0)),"") | H83: =IFERROR(INDEX('ENTRADA DATOS'!$H$4:$H$123,MATCH(LARGE('ENTRADA DATOS'!$L$4:$L$123,80),'ENTRADA DATOS'!$L$4:$L$123,0)),"") | I83: =IFERROR(INDEX('ENTRADA DATOS'!$I$4:$I$123,MATCH(LARGE('ENTRADA DATOS'!$L$4:$L$123,80),'ENTRADA DATOS'!$L$4:$L$123,0)),"") | J83: =IFERROR(INDEX('ENTRADA DATOS'!$J$4:$J$123,MATCH(LARGE('ENTRADA DATOS'!$L$4:$L$123,80),'ENTRADA DATOS'!$L$4:$L$123,0)),"") | K83: =IFERROR(INDEX('ENTRADA DATOS'!$K$4:$K$123,MATCH(LARGE('ENTRADA DATOS'!$L$4:$L$123,80),'ENTRADA DATOS'!$L$4:$L$123,0)),"")
A84: =IF(I84="","",81) | B84: =IFERROR(INDEX('ENTRADA DATOS'!$B$4:$B$123,MATCH(LARGE('ENTRADA DATOS'!$L$4:$L$123,81),'ENTRADA DATOS'!$L$4:$L$123,0)),"") | C84: =IFERROR(INDEX('ENTRADA DATOS'!$C$4:$C$123,MATCH(LARGE('ENTRADA DATOS'!$L$4:$L$123,81),'ENTRADA DATOS'!$L$4:$L$123,0)),"") | D84: =IFERROR(INDEX('ENTRADA DATOS'!$D$4:$D$123,MATCH(LARGE('ENTRADA DATOS'!$L$4:$L$123,81),'ENTRADA DATOS'!$L$4:$L$123,0)),"") | E84: =IFERROR(INDEX('ENTRADA DATOS'!$E$4:$E$123,MATCH(LARGE('ENTRADA DATOS'!$L$4:$L$123,81),'ENTRADA DATOS'!$L$4:$L$123,0)),"") | F84: =IFERROR(INDEX('ENTRADA DATOS'!$F$4:$F$123,MATCH(LARGE('ENTRADA DATOS'!$L$4:$L$123,81),'ENTRADA DATOS'!$L$4:$L$123,0)),"") | G84: =IFERROR(INDEX('ENTRADA DATOS'!$G$4:$G$123,MATCH(LARGE('ENTRADA DATOS'!$L$4:$L$123,81),'ENTRADA DATOS'!$L$4:$L$123,0)),"") | H84: =IFERROR(INDEX('ENTRADA DATOS'!$H$4:$H$123,MATCH(LARGE('ENTRADA DATOS'!$L$4:$L$123,81),'ENTRADA DATOS'!$L$4:$L$123,0)),"") | I84: =IFERROR(INDEX('ENTRADA DATOS'!$I$4:$I$123,MATCH(LARGE('ENTRADA DATOS'!$L$4:$L$123,81),'ENTRADA DATOS'!$L$4:$L$123,0)),"") | J84: =IFERROR(INDEX('ENTRADA DATOS'!$J$4:$J$123,MATCH(LARGE('ENTRADA DATOS'!$L$4:$L$123,81),'ENTRADA DATOS'!$L$4:$L$123,0)),"") | K84: =IFERROR(INDEX('ENTRADA DATOS'!$K$4:$K$123,MATCH(LARGE('ENTRADA DATOS'!$L$4:$L$123,81),'ENTRADA DATOS'!$L$4:$L$123,0)),"")
A85: =IF(I85="","",82) | B85: =IFERROR(INDEX('ENTRADA DATOS'!$B$4:$B$123,MATCH(LARGE('ENTRADA DATOS'!$L$4:$L$123,82),'ENTRADA DATOS'!$L$4:$L$123,0)),"") | C85: =IFERROR(INDEX('ENTRADA DATOS'!$C$4:$C$123,MATCH(LARGE('ENTRADA DATOS'!$L$4:$L$123,82),'ENTRADA DATOS'!$L$4:$L$123,0)),"") | D85: =IFERROR(INDEX('ENTRADA DATOS'!$D$4:$D$123,MATCH(LARGE('ENTRADA DATOS'!$L$4:$L$123,82),'ENTRADA DATOS'!$L$4:$L$123,0)),"") | E85: =IFERROR(INDEX('ENTRADA DATOS'!$E$4:$E$123,MATCH(LARGE('ENTRADA DATOS'!$L$4:$L$123,82),'ENTRADA DATOS'!$L$4:$L$123,0)),"") | F85: =IFERROR(INDEX('ENTRADA DATOS'!$F$4:$F$123,MATCH(LARGE('ENTRADA DATOS'!$L$4:$L$123,82),'ENTRADA DATOS'!$L$4:$L$123,0)),"") | G85: =IFERROR(INDEX('ENTRADA DATOS'!$G$4:$G$123,MATCH(LARGE('ENTRADA DATOS'!$L$4:$L$123,82),'ENTRADA DATOS'!$L$4:$L$123,0)),"") | H85: =IFERROR(INDEX('ENTRADA DATOS'!$H$4:$H$123,MATCH(LARGE('ENTRADA DATOS'!$L$4:$L$123,82),'ENTRADA DATOS'!$L$4:$L$123,0)),"") | I85: =IFERROR(INDEX('ENTRADA DATOS'!$I$4:$I$123,MATCH(LARGE('ENTRADA DATOS'!$L$4:$L$123,82),'ENTRADA DATOS'!$L$4:$L$123,0)),"") | J85: =IFERROR(INDEX('ENTRADA DATOS'!$J$4:$J$123,MATCH(LARGE('ENTRADA DATOS'!$L$4:$L$123,82),'ENTRADA DATOS'!$L$4:$L$123,0)),"") | K85: =IFERROR(INDEX('ENTRADA DATOS'!$K$4:$K$123,MATCH(LARGE('ENTRADA DATOS'!$L$4:$L$123,82),'ENTRADA DATOS'!$L$4:$L$123,0)),"")
A86: =IF(I86="","",83) | B86: =IFERROR(INDEX('ENTRADA DATOS'!$B$4:$B$123,MATCH(LARGE('ENTRADA DATOS'!$L$4:$L$123,83),'ENTRADA DATOS'!$L$4:$L$123,0)),"") | C86: =IFERROR(INDEX('ENTRADA DATOS'!$C$4:$C$123,MATCH(LARGE('ENTRADA DATOS'!$L$4:$L$123,83),'ENTRADA DATOS'!$L$4:$L$123,0)),"") | D86: =IFERROR(INDEX('ENTRADA DATOS'!$D$4:$D$123,MATCH(LARGE('ENTRADA DATOS'!$L$4:$L$123,83),'ENTRADA DATOS'!$L$4:$L$123,0)),"") | E86: =IFERROR(INDEX('ENTRADA DATOS'!$E$4:$E$123,MATCH(LARGE('ENTRADA DATOS'!$L$4:$L$123,83),'ENTRADA DATOS'!$L$4:$L$123,0)),"") | F86: =IFERROR(INDEX('ENTRADA DATOS'!$F$4:$F$123,MATCH(LARGE('ENTRADA DATOS'!$L$4:$L$123,83),'ENTRADA DATOS'!$L$4:$L$123,0)),"") | G86: =IFERROR(INDEX('ENTRADA DATOS'!$G$4:$G$123,MATCH(LARGE('ENTRADA DATOS'!$L$4:$L$123,83),'ENTRADA DATOS'!$L$4:$L$123,0)),"") | H86: =IFERROR(INDEX('ENTRADA DATOS'!$H$4:$H$123,MATCH(LARGE('ENTRADA DATOS'!$L$4:$L$123,83),'ENTRADA DATOS'!$L$4:$L$123,0)),"") | I86: =IFERROR(INDEX('ENTRADA DATOS'!$I$4:$I$123,MATCH(LARGE('ENTRADA DATOS'!$L$4:$L$123,83),'ENTRADA DATOS'!$L$4:$L$123,0)),"") | J86: =IFERROR(INDEX('ENTRADA DATOS'!$J$4:$J$123,MATCH(LARGE('ENTRADA DATOS'!$L$4:$L$123,83),'ENTRADA DATOS'!$L$4:$L$123,0)),"") | K86: =IFERROR(INDEX('ENTRADA DATOS'!$K$4:$K$123,MATCH(LARGE('ENTRADA DATOS'!$L$4:$L$123,83),'ENTRADA DATOS'!$L$4:$L$123,0)),"")
A87: =IF(I87="","",84) | B87: =IFERROR(INDEX('ENTRADA DATOS'!$B$4:$B$123,MATCH(LARGE('ENTRADA DATOS'!$L$4:$L$123,84),'ENTRADA DATOS'!$L$4:$L$123,0)),"") | C87: =IFERROR(INDEX('ENTRADA DATOS'!$C$4:$C$123,MATCH(LARGE('ENTRADA DATOS'!$L$4:$L$123,84),'ENTRADA DATOS'!$L$4:$L$123,0)),"") | D87: =IFERROR(INDEX('ENTRADA DATOS'!$D$4:$D$123,MATCH(LARGE('ENTRADA DATOS'!$L$4:$L$123,84),'ENTRADA DATOS'!$L$4:$L$123,0)),"") | E87: =IFERROR(INDEX('ENTRADA DATOS'!$E$4:$E$123,MATCH(LARGE('ENTRADA DATOS'!$L$4:$L$123,84),'ENTRADA DATOS'!$L$4:$L$123,0)),"") | F87: =IFERROR(INDEX('ENTRADA DATOS'!$F$4:$F$123,MATCH(LARGE('ENTRADA DATOS'!$L$4:$L$123,84),'ENTRADA DATOS'!$L$4:$L$123,0)),"") | G87: =IFERROR(INDEX('ENTRADA DATOS'!$G$4:$G$123,MATCH(LARGE('ENTRADA DATOS'!$L$4:$L$123,84),'ENTRADA DATOS'!$L$4:$L$123,0)),"") | H87: =IFERROR(INDEX('ENTRADA DATOS'!$H$4:$H$123,MATCH(LARGE('ENTRADA DATOS'!$L$4:$L$123,84),'ENTRADA DATOS'!$L$4:$L$123,0)),"") | I87: =IFERROR(INDEX('ENTRADA DATOS'!$I$4:$I$123,MATCH(LARGE('ENTRADA DATOS'!$L$4:$L$123,84),'ENTRADA DATOS'!$L$4:$L$123,0)),"") | J87: =IFERROR(INDEX('ENTRADA DATOS'!$J$4:$J$123,MATCH(LARGE('ENTRADA DATOS'!$L$4:$L$123,84),'ENTRADA DATOS'!$L$4:$L$123,0)),"") | K87: =IFERROR(INDEX('ENTRADA DATOS'!$K$4:$K$123,MATCH(LARGE('ENTRADA DATOS'!$L$4:$L$123,84),'ENTRADA DATOS'!$L$4:$L$123,0)),"")
A88: =IF(I88="","",85) | B88: =IFERROR(INDEX('ENTRADA DATOS'!$B$4:$B$123,MATCH(LARGE('ENTRADA DATOS'!$L$4:$L$123,85),'ENTRADA DATOS'!$L$4:$L$123,0)),"") | C88: =IFERROR(INDEX('ENTRADA DATOS'!$C$4:$C$123,MATCH(LARGE('ENTRADA DATOS'!$L$4:$L$123,85),'ENTRADA DATOS'!$L$4:$L$123,0)),"") | D88: =IFERROR(INDEX('ENTRADA DATOS'!$D$4:$D$123,MATCH(LARGE('ENTRADA DATOS'!$L$4:$L$123,85),'ENTRADA DATOS'!$L$4:$L$123,0)),"") | E88: =IFERROR(INDEX('ENTRADA DATOS'!$E$4:$E$123,MATCH(LARGE('ENTRADA DATOS'!$L$4:$L$123,85),'ENTRADA DATOS'!$L$4:$L$123,0)),"") | F88: =IFERROR(INDEX('ENTRADA DATOS'!$F$4:$F$123,MATCH(LARGE('ENTRADA DATOS'!$L$4:$L$123,85),'ENTRADA DATOS'!$L$4:$L$123,0)),"") | G88: =IFERROR(INDEX('ENTRADA DATOS'!$G$4:$G$123,MATCH(LARGE('ENTRADA DATOS'!$L$4:$L$123,85),'ENTRADA DATOS'!$L$4:$L$123,0)),"") | H88: =IFERROR(INDEX('ENTRADA DATOS'!$H$4:$H$123,MATCH(LARGE('ENTRADA DATOS'!$L$4:$L$123,85),'ENTRADA DATOS'!$L$4:$L$123,0)),"") | I88: =IFERROR(INDEX('ENTRADA DATOS'!$I$4:$I$123,MATCH(LARGE('ENTRADA DATOS'!$L$4:$L$123,85),'ENTRADA DATOS'!$L$4:$L$123,0)),"") | J88: =IFERROR(INDEX('ENTRADA DATOS'!$J$4:$J$123,MATCH(LARGE('ENTRADA DATOS'!$L$4:$L$123,85),'ENTRADA DATOS'!$L$4:$L$123,0)),"") | K88: =IFERROR(INDEX('ENTRADA DATOS'!$K$4:$K$123,MATCH(LARGE('ENTRADA DATOS'!$L$4:$L$123,85),'ENTRADA DATOS'!$L$4:$L$123,0)),"")
A89: =IF(I89="","",86) | B89: =IFERROR(INDEX('ENTRADA DATOS'!$B$4:$B$123,MATCH(LARGE('ENTRADA DATOS'!$L$4:$L$123,86),'ENTRADA DATOS'!$L$4:$L$123,0)),"") | C89: =IFERROR(INDEX('ENTRADA DATOS'!$C$4:$C$123,MATCH(LARGE('ENTRADA DATOS'!$L$4:$L$123,86),'ENTRADA DATOS'!$L$4:$L$123,0)),"") | D89: =IFERROR(INDEX('ENTRADA DATOS'!$D$4:$D$123,MATCH(LARGE('ENTRADA DATOS'!$L$4:$L$123,86),'ENTRADA DATOS'!$L$4:$L$123,0)),"") | E89: =IFERROR(INDEX('ENTRADA DATOS'!$E$4:$E$123,MATCH(LARGE('ENTRADA DATOS'!$L$4:$L$123,86),'ENTRADA DATOS'!$L$4:$L$123,0)),"") | F89: =IFERROR(INDEX('ENTRADA DATOS'!$F$4:$F$123,MATCH(LARGE('ENTRADA DATOS'!$L$4:$L$123,86),'ENTRADA DATOS'!$L$4:$L$123,0)),"") | G89: =IFERROR(INDEX('ENTRADA DATOS'!$G$4:$G$123,MATCH(LARGE('ENTRADA DATOS'!$L$4:$L$123,86),'ENTRADA DATOS'!$L$4:$L$123,0)),"") | H89: =IFERROR(INDEX('ENTRADA DATOS'!$H$4:$H$123,MATCH(LARGE('ENTRADA DATOS'!$L$4:$L$123,86),'ENTRADA DATOS'!$L$4:$L$123,0)),"") | I89: =IFERROR(INDEX('ENTRADA DATOS'!$I$4:$I$123,MATCH(LARGE('ENTRADA DATOS'!$L$4:$L$123,86),'ENTRADA DATOS'!$L$4:$L$123,0)),"") | J89: =IFERROR(INDEX('ENTRADA DATOS'!$J$4:$J$123,MATCH(LARGE('ENTRADA DATOS'!$L$4:$L$123,86),'ENTRADA DATOS'!$L$4:$L$123,0)),"") | K89: =IFERROR(INDEX('ENTRADA DATOS'!$K$4:$K$123,MATCH(LARGE('ENTRADA DATOS'!$L$4:$L$123,86),'ENTRADA DATOS'!$L$4:$L$123,0)),"")
A90: =IF(I90="","",87) | B90: =IFERROR(INDEX('ENTRADA DATOS'!$B$4:$B$123,MATCH(LARGE('ENTRADA DATOS'!$L$4:$L$123,87),'ENTRADA DATOS'!$L$4:$L$123,0)),"") | C90: =IFERROR(INDEX('ENTRADA DATOS'!$C$4:$C$123,MATCH(LARGE('ENTRADA DATOS'!$L$4:$L$123,87),'ENTRADA DATOS'!$L$4:$L$123,0)),"") | D90: =IFERROR(INDEX('ENTRADA DATOS'!$D$4:$D$123,MATCH(LARGE('ENTRADA DATOS'!$L$4:$L$123,87),'ENTRADA DATOS'!$L$4:$L$123,0)),"") | E90: =IFERROR(INDEX('ENTRADA DATOS'!$E$4:$E$123,MATCH(LARGE('ENTRADA DATOS'!$L$4:$L$123,87),'ENTRADA DATOS'!$L$4:$L$123,0)),"") | F90: =IFERROR(INDEX('ENTRADA DATOS'!$F$4:$F$123,MATCH(LARGE('ENTRADA DATOS'!$L$4:$L$123,87),'ENTRADA DATOS'!$L$4:$L$123,0)),"") | G90: =IFERROR(INDEX('ENTRADA DATOS'!$G$4:$G$123,MATCH(LARGE('ENTRADA DATOS'!$L$4:$L$123,87),'ENTRADA DATOS'!$L$4:$L$123,0)),"") | H90: =IFERROR(INDEX('ENTRADA DATOS'!$H$4:$H$123,MATCH(LARGE('ENTRADA DATOS'!$L$4:$L$123,87),'ENTRADA DATOS'!$L$4:$L$123,0)),"") | I90: =IFERROR(INDEX('ENTRADA DATOS'!$I$4:$I$123,MATCH(LARGE('ENTRADA DATOS'!$L$4:$L$123,87),'ENTRADA DATOS'!$L$4:$L$123,0)),"") | J90: =IFERROR(INDEX('ENTRADA DATOS'!$J$4:$J$123,MATCH(LARGE('ENTRADA DATOS'!$L$4:$L$123,87),'ENTRADA DATOS'!$L$4:$L$123,0)),"") | K90: =IFERROR(INDEX('ENTRADA DATOS'!$K$4:$K$123,MATCH(LARGE('ENTRADA DATOS'!$L$4:$L$123,87),'ENTRADA DATOS'!$L$4:$L$123,0)),"")
A91: =IF(I91="","",88) | B91: =IFERROR(INDEX('ENTRADA DATOS'!$B$4:$B$123,MATCH(LARGE('ENTRADA DATOS'!$L$4:$L$123,88),'ENTRADA DATOS'!$L$4:$L$123,0)),"") | C91: =IFERROR(INDEX('ENTRADA DATOS'!$C$4:$C$123,MATCH(LARGE('ENTRADA DATOS'!$L$4:$L$123,88),'ENTRADA DATOS'!$L$4:$L$123,0)),"") | D91: =IFERROR(INDEX('ENTRADA DATOS'!$D$4:$D$123,MATCH(LARGE('ENTRADA DATOS'!$L$4:$L$123,88),'ENTRADA DATOS'!$L$4:$L$123,0)),"") | E91: =IFERROR(INDEX('ENTRADA DATOS'!$E$4:$E$123,MATCH(LARGE('ENTRADA DATOS'!$L$4:$L$123,88),'ENTRADA DATOS'!$L$4:$L$123,0)),"") | F91: =IFERROR(INDEX('ENTRADA DATOS'!$F$4:$F$123,MATCH(LARGE('ENTRADA DATOS'!$L$4:$L$123,88),'ENTRADA DATOS'!$L$4:$L$123,0)),"") | G91: =IFERROR(INDEX('ENTRADA DATOS'!$G$4:$G$123,MATCH(LARGE('ENTRADA DATOS'!$L$4:$L$123,88),'ENTRADA DATOS'!$L$4:$L$123,0)),"") | H91: =IFERROR(INDEX('ENTRADA DATOS'!$H$4:$H$123,MATCH(LARGE('ENTRADA DATOS'!$L$4:$L$123,88),'ENTRADA DATOS'!$L$4:$L$123,0)),"") | I91: =IFERROR(INDEX('ENTRADA DATOS'!$I$4:$I$123,MATCH(LARGE('ENTRADA DATOS'!$L$4:$L$123,88),'ENTRADA DATOS'!$L$4:$L$123,0)),"") | J91: =IFERROR(INDEX('ENTRADA DATOS'!$J$4:$J$123,MATCH(LARGE('ENTRADA DATOS'!$L$4:$L$123,88),'ENTRADA DATOS'!$L$4:$L$123,0)),"") | K91: =IFERROR(INDEX('ENTRADA DATOS'!$K$4:$K$123,MATCH(LARGE('ENTRADA DATOS'!$L$4:$L$123,88),'ENTRADA DATOS'!$L$4:$L$123,0)),"")
A92: =IF(I92="","",89) | B92: =IFERROR(INDEX('ENTRADA DATOS'!$B$4:$B$123,MATCH(LARGE('ENTRADA DATOS'!$L$4:$L$123,89),'ENTRADA DATOS'!$L$4:$L$123,0)),"") | C92: =IFERROR(INDEX('ENTRADA DATOS'!$C$4:$C$123,MATCH(LARGE('ENTRADA DATOS'!$L$4:$L$123,89),'ENTRADA DATOS'!$L$4:$L$123,0)),"") | D92: =IFERROR(INDEX('ENTRADA DATOS'!$D$4:$D$123,MATCH(LARGE('ENTRADA DATOS'!$L$4:$L$123,89),'ENTRADA DATOS'!$L$4:$L$123,0)),"") | E92: =IFERROR(INDEX('ENTRADA DATOS'!$E$4:$E$123,MATCH(LARGE('ENTRADA DATOS'!$L$4:$L$123,89),'ENTRADA DATOS'!$L$4:$L$123,0)),"") | F92: =IFERROR(INDEX('ENTRADA DATOS'!$F$4:$F$123,MATCH(LARGE('ENTRADA DATOS'!$L$4:$L$123,89),'ENTRADA DATOS'!$L$4:$L$123,0)),"") | G92: =IFERROR(INDEX('ENTRADA DATOS'!$G$4:$G$123,MATCH(LARGE('ENTRADA DATOS'!$L$4:$L$123,89),'ENTRADA DATOS'!$L$4:$L$123,0)),"") | H92: =IFERROR(INDEX('ENTRADA DATOS'!$H$4:$H$123,MATCH(LARGE('ENTRADA DATOS'!$L$4:$L$123,89),'ENTRADA DATOS'!$L$4:$L$123,0)),"") | I92: =IFERROR(INDEX('ENTRADA DATOS'!$I$4:$I$123,MATCH(LARGE('ENTRADA DATOS'!$L$4:$L$123,89),'ENTRADA DATOS'!$L$4:$L$123,0)),"") | J92: =IFERROR(INDEX('ENTRADA DATOS'!$J$4:$J$123,MATCH(LARGE('ENTRADA DATOS'!$L$4:$L$123,89),'ENTRADA DATOS'!$L$4:$L$123,0)),"") | K92: =IFERROR(INDEX('ENTRADA DATOS'!$K$4:$K$123,MATCH(LARGE('ENTRADA DATOS'!$L$4:$L$123,89),'ENTRADA DATOS'!$L$4:$L$123,0)),"")
A93: =IF(I93="","",90) | B93: =IFERROR(INDEX('ENTRADA DATOS'!$B$4:$B$123,MATCH(LARGE('ENTRADA DATOS'!$L$4:$L$123,90),'ENTRADA DATOS'!$L$4:$L$123,0)),"") | C93: =IFERROR(INDEX('ENTRADA DATOS'!$C$4:$C$123,MATCH(LARGE('ENTRADA DATOS'!$L$4:$L$123,90),'ENTRADA DATOS'!$L$4:$L$123,0)),"") | D93: =IFERROR(INDEX('ENTRADA DATOS'!$D$4:$D$123,MATCH(LARGE('ENTRADA DATOS'!$L$4:$L$123,90),'ENTRADA DATOS'!$L$4:$L$123,0)),"") | E93: =IFERROR(INDEX('ENTRADA DATOS'!$E$4:$E$123,MATCH(LARGE('ENTRADA DATOS'!$L$4:$L$123,90),'ENTRADA DATOS'!$L$4:$L$123,0)),"") | F93: =IFERROR(INDEX('ENTRADA DATOS'!$F$4:$F$123,MATCH(LARGE('ENTRADA DATOS'!$L$4:$L$123,90),'ENTRADA DATOS'!$L$4:$L$123,0)),"") | G93: =IFERROR(INDEX('ENTRADA DATOS'!$G$4:$G$123,MATCH(LARGE('ENTRADA DATOS'!$L$4:$L$123,90),'ENTRADA DATOS'!$L$4:$L$123,0)),"") | H93: =IFERROR(INDEX('ENTRADA DATOS'!$H$4:$H$123,MATCH(LARGE('ENTRADA DATOS'!$L$4:$L$123,90),'ENTRADA DATOS'!$L$4:$L$123,0)),"") | I93: =IFERROR(INDEX('ENTRADA DATOS'!$I$4:$I$123,MATCH(LARGE('ENTRADA DATOS'!$L$4:$L$123,90),'ENTRADA DATOS'!$L$4:$L$123,0)),"") | J93: =IFERROR(INDEX('ENTRADA DATOS'!$J$4:$J$123,MATCH(LARGE('ENTRADA DATOS'!$L$4:$L$123,90),'ENTRADA DATOS'!$L$4:$L$123,0)),"") | K93: =IFERROR(INDEX('ENTRADA DATOS'!$K$4:$K$123,MATCH(LARGE('ENTRADA DATOS'!$L$4:$L$123,90),'ENTRADA DATOS'!$L$4:$L$123,0)),"")
A94: =IF(I94="","",91) | B94: =IFERROR(INDEX('ENTRADA DATOS'!$B$4:$B$123,MATCH(LARGE('ENTRADA DATOS'!$L$4:$L$123,91),'ENTRADA DATOS'!$L$4:$L$123,0)),"") | C94: =IFERROR(INDEX('ENTRADA DATOS'!$C$4:$C$123,MATCH(LARGE('ENTRADA DATOS'!$L$4:$L$123,91),'ENTRADA DATOS'!$L$4:$L$123,0)),"") | D94: =IFERROR(INDEX('ENTRADA DATOS'!$D$4:$D$123,MATCH(LARGE('ENTRADA DATOS'!$L$4:$L$123,91),'ENTRADA DATOS'!$L$4:$L$123,0)),"") | E94: =IFERROR(INDEX('ENTRADA DATOS'!$E$4:$E$123,MATCH(LARGE('ENTRADA DATOS'!$L$4:$L$123,91),'ENTRADA DATOS'!$L$4:$L$123,0)),"") | F94: =IFERROR(INDEX('ENTRADA DATOS'!$F$4:$F$123,MATCH(LARGE('ENTRADA DATOS'!$L$4:$L$123,91),'ENTRADA DATOS'!$L$4:$L$123,0)),"") | G94: =IFERROR(INDEX('ENTRADA DATOS'!$G$4:$G$123,MATCH(LARGE('ENTRADA DATOS'!$L$4:$L$123,91),'ENTRADA DATOS'!$L$4:$L$123,0)),"") | H94: =IFERROR(INDEX('ENTRADA DATOS'!$H$4:$H$123,MATCH(LARGE('ENTRADA DATOS'!$L$4:$L$123,91),'ENTRADA DATOS'!$L$4:$L$123,0)),"") | I94: =IFERROR(INDEX('ENTRADA DATOS'!$I$4:$I$123,MATCH(LARGE('ENTRADA DATOS'!$L$4:$L$123,91),'ENTRADA DATOS'!$L$4:$L$123,0)),"") | J94: =IFERROR(INDEX('ENTRADA DATOS'!$J$4:$J$123,MATCH(LARGE('ENTRADA DATOS'!$L$4:$L$123,91),'ENTRADA DATOS'!$L$4:$L$123,0)),"") | K94: =IFERROR(INDEX('ENTRADA DATOS'!$K$4:$K$123,MATCH(LARGE('ENTRADA DATOS'!$L$4:$L$123,91),'ENTRADA DATOS'!$L$4:$L$123,0)),"")
A95: =IF(I95="","",92) | B95: =IFERROR(INDEX('ENTRADA DATOS'!$B$4:$B$123,MATCH(LARGE('ENTRADA DATOS'!$L$4:$L$123,92),'ENTRADA DATOS'!$L$4:$L$123,0)),"") | C95: =IFERROR(INDEX('ENTRADA DATOS'!$C$4:$C$123,MATCH(LARGE('ENTRADA DATOS'!$L$4:$L$123,92),'ENTRADA DATOS'!$L$4:$L$123,0)),"") | D95: =IFERROR(INDEX('ENTRADA DATOS'!$D$4:$D$123,MATCH(LARGE('ENTRADA DATOS'!$L$4:$L$123,92),'ENTRADA DATOS'!$L$4:$L$123,0)),"") | E95: =IFERROR(INDEX('ENTRADA DATOS'!$E$4:$E$123,MATCH(LARGE('ENTRADA DATOS'!$L$4:$L$123,92),'ENTRADA DATOS'!$L$4:$L$123,0)),"") | F95: =IFERROR(INDEX('ENTRADA DATOS'!$F$4:$F$123,MATCH(LARGE('ENTRADA DATOS'!$L$4:$L$123,92),'ENTRADA DATOS'!$L$4:$L$123,0)),"") | G95: =IFERROR(INDEX('ENTRADA DATOS'!$G$4:$G$123,MATCH(LARGE('ENTRADA DATOS'!$L$4:$L$123,92),'ENTRADA DATOS'!$L$4:$L$123,0)),"") | H95: =IFERROR(INDEX('ENTRADA DATOS'!$H$4:$H$123,MATCH(LARGE('ENTRADA DATOS'!$L$4:$L$123,92),'ENTRADA DATOS'!$L$4:$L$123,0)),"") | I95: =IFERROR(INDEX('ENTRADA DATOS'!$I$4:$I$123,MATCH(LARGE('ENTRADA DATOS'!$L$4:$L$123,92),'ENTRADA DATOS'!$L$4:$L$123,0)),"") | J95: =IFERROR(INDEX('ENTRADA DATOS'!$J$4:$J$123,MATCH(LARGE('ENTRADA DATOS'!$L$4:$L$123,92),'ENTRADA DATOS'!$L$4:$L$123,0)),"") | K95: =IFERROR(INDEX('ENTRADA DATOS'!$K$4:$K$123,MATCH(LARGE('ENTRADA DATOS'!$L$4:$L$123,92),'ENTRADA DATOS'!$L$4:$L$123,0)),"")
A96: =IF(I96="","",93) | B96: =IFERROR(INDEX('ENTRADA DATOS'!$B$4:$B$123,MATCH(LARGE('ENTRADA DATOS'!$L$4:$L$123,93),'ENTRADA DATOS'!$L$4:$L$123,0)),"") | C96: =IFERROR(INDEX('ENTRADA DATOS'!$C$4:$C$123,MATCH(LARGE('ENTRADA DATOS'!$L$4:$L$123,93),'ENTRADA DATOS'!$L$4:$L$123,0)),"") | D96: =IFERROR(INDEX('ENTRADA DATOS'!$D$4:$D$123,MATCH(LARGE('ENTRADA DATOS'!$L$4:$L$123,93),'ENTRADA DATOS'!$L$4:$L$123,0)),"") | E96: =IFERROR(INDEX('ENTRADA DATOS'!$E$4:$E$123,MATCH(LARGE('ENTRADA DATOS'!$L$4:$L$123,93),'ENTRADA DATOS'!$L$4:$L$123,0)),"") | F96: =IFERROR(INDEX('ENTRADA DATOS'!$F$4:$F$123,MATCH(LARGE('ENTRADA DATOS'!$L$4:$L$123,93),'ENTRADA DATOS'!$L$4:$L$123,0)),"") | G96: =IFERROR(INDEX('ENTRADA DATOS'!$G$4:$G$123,MATCH(LARGE('ENTRADA DATOS'!$L$4:$L$123,93),'ENTRADA DATOS'!$L$4:$L$123,0)),"") | H96: =IFERROR(INDEX('ENTRADA DATOS'!$H$4:$H$123,MATCH(LARGE('ENTRADA DATOS'!$L$4:$L$123,93),'ENTRADA DATOS'!$L$4:$L$123,0)),"") | I96: =IFERROR(INDEX('ENTRADA DATOS'!$I$4:$I$123,MATCH(LARGE('ENTRADA DATOS'!$L$4:$L$123,93),'ENTRADA DATOS'!$L$4:$L$123,0)),"") | J96: =IFERROR(INDEX('ENTRADA DATOS'!$J$4:$J$123,MATCH(LARGE('ENTRADA DATOS'!$L$4:$L$123,93),'ENTRADA DATOS'!$L$4:$L$123,0)),"") | K96: =IFERROR(INDEX('ENTRADA DATOS'!$K$4:$K$123,MATCH(LARGE('ENTRADA DATOS'!$L$4:$L$123,93),'ENTRADA DATOS'!$L$4:$L$123,0)),"")
A97: =IF(I97="","",94) | B97: =IFERROR(INDEX('ENTRADA DATOS'!$B$4:$B$123,MATCH(LARGE('ENTRADA DATOS'!$L$4:$L$123,94),'ENTRADA DATOS'!$L$4:$L$123,0)),"") | C97: =IFERROR(INDEX('ENTRADA DATOS'!$C$4:$C$123,MATCH(LARGE('ENTRADA DATOS'!$L$4:$L$123,94),'ENTRADA DATOS'!$L$4:$L$123,0)),"") | D97: =IFERROR(INDEX('ENTRADA DATOS'!$D$4:$D$123,MATCH(LARGE('ENTRADA DATOS'!$L$4:$L$123,94),'ENTRADA DATOS'!$L$4:$L$123,0)),"") | E97: =IFERROR(INDEX('ENTRADA DATOS'!$E$4:$E$123,MATCH(LARGE('ENTRADA DATOS'!$L$4:$L$123,94),'ENTRADA DATOS'!$L$4:$L$123,0)),"") | F97: =IFERROR(INDEX('ENTRADA DATOS'!$F$4:$F$123,MATCH(LARGE('ENTRADA DATOS'!$L$4:$L$123,94),'ENTRADA DATOS'!$L$4:$L$123,0)),"") | G97: =IFERROR(INDEX('ENTRADA DATOS'!$G$4:$G$123,MATCH(LARGE('ENTRADA DATOS'!$L$4:$L$123,94),'ENTRADA DATOS'!$L$4:$L$123,0)),"") | H97: =IFERROR(INDEX('ENTRADA DATOS'!$H$4:$H$123,MATCH(LARGE('ENTRADA DATOS'!$L$4:$L$123,94),'ENTRADA DATOS'!$L$4:$L$123,0)),"") | I97: =IFERROR(INDEX('ENTRADA DATOS'!$I$4:$I$123,MATCH(LARGE('ENTRADA DATOS'!$L$4:$L$123,94),'ENTRADA DATOS'!$L$4:$L$123,0)),"") | J97: =IFERROR(INDEX('ENTRADA DATOS'!$J$4:$J$123,MATCH(LARGE('ENTRADA DATOS'!$L$4:$L$123,94),'ENTRADA DATOS'!$L$4:$L$123,0)),"") | K97: =IFERROR(INDEX('ENTRADA DATOS'!$K$4:$K$123,MATCH(LARGE('ENTRADA DATOS'!$L$4:$L$123,94),'ENTRADA DATOS'!$L$4:$L$123,0)),"")
A98: =IF(I98="","",95) | B98: =IFERROR(INDEX('ENTRADA DATOS'!$B$4:$B$123,MATCH(LARGE('ENTRADA DATOS'!$L$4:$L$123,95),'ENTRADA DATOS'!$L$4:$L$123,0)),"") | C98: =IFERROR(INDEX('ENTRADA DATOS'!$C$4:$C$123,MATCH(LARGE('ENTRADA DATOS'!$L$4:$L$123,95),'ENTRADA DATOS'!$L$4:$L$123,0)),"") | D98: =IFERROR(INDEX('ENTRADA DATOS'!$D$4:$D$123,MATCH(LARGE('ENTRADA DATOS'!$L$4:$L$123,95),'ENTRADA DATOS'!$L$4:$L$123,0)),"") | E98: =IFERROR(INDEX('ENTRADA DATOS'!$E$4:$E$123,MATCH(LARGE('ENTRADA DATOS'!$L$4:$L$123,95),'ENTRADA DATOS'!$L$4:$L$123,0)),"") | F98: =IFERROR(INDEX('ENTRADA DATOS'!$F$4:$F$123,MATCH(LARGE('ENTRADA DATOS'!$L$4:$L$123,95),'ENTRADA DATOS'!$L$4:$L$123,0)),"") | G98: =IFERROR(INDEX('ENTRADA DATOS'!$G$4:$G$123,MATCH(LARGE('ENTRADA DATOS'!$L$4:$L$123,95),'ENTRADA DATOS'!$L$4:$L$123,0)),"") | H98: =IFERROR(INDEX('ENTRADA DATOS'!$H$4:$H$123,MATCH(LARGE('ENTRADA DATOS'!$L$4:$L$123,95),'ENTRADA DATOS'!$L$4:$L$123,0)),"") | I98: =IFERROR(INDEX('ENTRADA DATOS'!$I$4:$I$123,MATCH(LARGE('ENTRADA DATOS'!$L$4:$L$123,95),'ENTRADA DATOS'!$L$4:$L$123,0)),"") | J98: =IFERROR(INDEX('ENTRADA DATOS'!$J$4:$J$123,MATCH(LARGE('ENTRADA DATOS'!$L$4:$L$123,95),'ENTRADA DATOS'!$L$4:$L$123,0)),"") | K98: =IFERROR(INDEX('ENTRADA DATOS'!$K$4:$K$123,MATCH(LARGE('ENTRADA DATOS'!$L$4:$L$123,95),'ENTRADA DATOS'!$L$4:$L$123,0)),"")
A99: =IF(I99="","",96) | B99: =IFERROR(INDEX('ENTRADA DATOS'!$B$4:$B$123,MATCH(LARGE('ENTRADA DATOS'!$L$4:$L$123,96),'ENTRADA DATOS'!$L$4:$L$123,0)),"") | C99: =IFERROR(INDEX('ENTRADA DATOS'!$C$4:$C$123,MATCH(LARGE('ENTRADA DATOS'!$L$4:$L$123,96),'ENTRADA DATOS'!$L$4:$L$123,0)),"") | D99: =IFERROR(INDEX('ENTRADA DATOS'!$D$4:$D$123,MATCH(LARGE('ENTRADA DATOS'!$L$4:$L$123,96),'ENTRADA DATOS'!$L$4:$L$123,0)),"") | E99: =IFERROR(INDEX('ENTRADA DATOS'!$E$4:$E$123,MATCH(LARGE('ENTRADA DATOS'!$L$4:$L$123,96),'ENTRADA DATOS'!$L$4:$L$123,0)),"") | F99: =IFERROR(INDEX('ENTRADA DATOS'!$F$4:$F$123,MATCH(LARGE('ENTRADA DATOS'!$L$4:$L$123,96),'ENTRADA DATOS'!$L$4:$L$123,0)),"") | G99: =IFERROR(INDEX('ENTRADA DATOS'!$G$4:$G$123,MATCH(LARGE('ENTRADA DATOS'!$L$4:$L$123,96),'ENTRADA DATOS'!$L$4:$L$123,0)),"") | H99: =IFERROR(INDEX('ENTRADA DATOS'!$H$4:$H$123,MATCH(LARGE('ENTRADA DATOS'!$L$4:$L$123,96),'ENTRADA DATOS'!$L$4:$L$123,0)),"") | I99: =IFERROR(INDEX('ENTRADA DATOS'!$I$4:$I$123,MATCH(LARGE('ENTRADA DATOS'!$L$4:$L$123,96),'ENTRADA DATOS'!$L$4:$L$123,0)),"") | J99: =IFERROR(INDEX('ENTRADA DATOS'!$J$4:$J$123,MATCH(LARGE('ENTRADA DATOS'!$L$4:$L$123,96),'ENTRADA DATOS'!$L$4:$L$123,0)),"") | K99: =IFERROR(INDEX('ENTRADA DATOS'!$K$4:$K$123,MATCH(LARGE('ENTRADA DATOS'!$L$4:$L$123,96),'ENTRADA DATOS'!$L$4:$L$123,0)),"")
A100: =IF(I100="","",97) | B100: =IFERROR(INDEX('ENTRADA DATOS'!$B$4:$B$123,MATCH(LARGE('ENTRADA DATOS'!$L$4:$L$123,97),'ENTRADA DATOS'!$L$4:$L$123,0)),"") | C100: =IFERROR(INDEX('ENTRADA DATOS'!$C$4:$C$123,MATCH(LARGE('ENTRADA DATOS'!$L$4:$L$123,97),'ENTRADA DATOS'!$L$4:$L$123,0)),"") | D100: =IFERROR(INDEX('ENTRADA DATOS'!$D$4:$D$123,MATCH(LARGE('ENTRADA DATOS'!$L$4:$L$123,97),'ENTRADA DATOS'!$L$4:$L$123,0)),"") | E100: =IFERROR(INDEX('ENTRADA DATOS'!$E$4:$E$123,MATCH(LARGE('ENTRADA DATOS'!$L$4:$L$123,97),'ENTRADA DATOS'!$L$4:$L$123,0)),"") | F100: =IFERROR(INDEX('ENTRADA DATOS'!$F$4:$F$123,MATCH(LARGE('ENTRADA DATOS'!$L$4:$L$123,97),'ENTRADA DATOS'!$L$4:$L$123,0)),"") | G100: =IFERROR(INDEX('ENTRADA DATOS'!$G$4:$G$123,MATCH(LARGE('ENTRADA DATOS'!$L$4:$L$123,97),'ENTRADA DATOS'!$L$4:$L$123,0)),"") | H100: =IFERROR(INDEX('ENTRADA DATOS'!$H$4:$H$123,MATCH(LARGE('ENTRADA DATOS'!$L$4:$L$123,97),'ENTRADA DATOS'!$L$4:$L$123,0)),"") | I100: =IFERROR(INDEX('ENTRADA DATOS'!$I$4:$I$123,MATCH(LARGE('ENTRADA DATOS'!$L$4:$L$123,97),'ENTRADA DATOS'!$L$4:$L$123,0)),"") | J100: =IFERROR(INDEX('ENTRADA DATOS'!$J$4:$J$123,MATCH(LARGE('ENTRADA DATOS'!$L$4:$L$123,97),'ENTRADA DATOS'!$L$4:$L$123,0)),"") | K100: =IFERROR(INDEX('ENTRADA DATOS'!$K$4:$K$123,MATCH(LARGE('ENTRADA DATOS'!$L$4:$L$123,97),'ENTRADA DATOS'!$L$4:$L$123,0)),"")
...
